match_id,seed,turn_cap,races,orientations,winner_index,winner_race,winner_orientation,victory_type,victory_turn,end_reason,timeout,end_turn,elimination_order,elimination_turns,total_wars,total_city_captures,recaptures,total_ritual_attempts,total_ritual_interruptions,turns_any_war,engagements,unit_deaths,wall_seconds
F33B-001,33102.0,240.0,human|elf|dwarf|orc,MILITARY|BALANCED|ARCANE|BALANCED,0.0,human,MILITARY,v2_military_supremacy,197.0,MILITARY_SUPREMACY,false,197.0,1:elf|2:dwarf,71|197,4,12.0,0.0,0,0,128.0,396.0,27.0,51.0
F33B-002,33109.0,240.0,elf|dwarf|orc|human,ARCANE|MILITARY|ARCANE|BALANCED,1.0,dwarf,MILITARY,v2_military_supremacy,154.0,MILITARY_SUPREMACY,false,154.0,0:elf|2:orc,17|141,4,6.0,0.0,0,0,123.0,168.0,19.0,35.3
F33B-003,33116.0,240.0,dwarf|orc|human|elf,ARCANE|ARCANE|MILITARY|BALANCED,0.0,dwarf,ARCANE,v2_transcendence,238.0,TRANSCENDENCE,false,238.0,,,28,9.0,1.0,1,0,159.0,384.0,64.0,191.7
F33B-004,33123.0,240.0,orc|human|elf|dwarf,BALANCED|ARCANE|MILITARY|MILITARY,3.0,dwarf,MILITARY,v2_military_supremacy,205.0,MILITARY_SUPREMACY,false,205.0,0:orc|2:elf,37|186,7,13.0,7.0,0,0,154.0,211.0,36.0,38.9
F33B-005,33130.0,240.0,human|elf|dwarf|orc,ARCANE|ARCANE|MILITARY|BALANCED,-1,,,,-1,TIMEOUT,true,240.0,0:human,139,20,15.0,0.0,0,0,148.0,408.0,47.0,102.3
F33B-006,33137.0,240.0,elf|dwarf|orc|human,MILITARY|BALANCED|ARCANE|MILITARY,1.0,dwarf,BALANCED,v2_transcendence,225.0,TRANSCENDENCE,false,225.0,0:elf,61,9,3.0,0.0,1,0,148.0,182.0,19.0,82.2
F33B-007,33144.0,240.0,dwarf|orc|human|elf,BALANCED|MILITARY|ARCANE|MILITARY,0.0,dwarf,BALANCED,v2_transcendence,193.0,TRANSCENDENCE,false,193.0,,,29,15.0,6.0,1,0,172.0,416.0,31.0,64.4
F33B-008,33151.0,240.0,orc|human|elf|dwarf,ARCANE|MILITARY|BALANCED|ARCANE,-1,,,,-1,TIMEOUT,true,240.0,0:orc,158,30,19.0,1.0,0,0,161.0,385.0,49.0,91.7
F33B-009,33158.0,240.0,human|elf|dwarf|orc,BALANCED|ARCANE|MILITARY|MILITARY,-1,,,,-1,TIMEOUT,true,240.0,0:human,52,13,10.0,1.0,0,0,176.0,249.0,28.0,59.0
F33B-010,33165.0,240.0,elf|dwarf|orc|human,MILITARY|BALANCED|BALANCED|ARCANE,2.0,orc,BALANCED,v2_military_supremacy,209.0,MILITARY_SUPREMACY,false,209.0,0:elf,170,8,12.0,2.0,0,0,109.0,390.0,41.0,64.9
F33B-011,33172.0,240.0,dwarf|orc|human|elf,BALANCED|MILITARY|BALANCED|ARCANE,2.0,human,BALANCED,v2_transcendence,192.0,TRANSCENDENCE,false,192.0,,,14,6.0,0.0,1,0,117.0,155.0,28.0,54.7
F33B-012,33179.0,240.0,orc|human|elf|dwarf,MILITARY|BALANCED|BALANCED|ARCANE,1.0,human,BALANCED,v2_transcendence,205.0,TRANSCENDENCE,false,205.0,0:orc,179,9,6.0,0.0,1,0,121.0,253.0,36.0,54.2
F33B-013,33185.0,240.0,human|elf|dwarf|orc,MILITARY|BALANCED|ARCANE|BALANCED,3.0,orc,BALANCED,v2_transcendence,184.0,TRANSCENDENCE,false,184.0,,,12,4.0,1.0,1,0,123.0,237.0,13.0,52.0
F33B-014,33192.0,240.0,elf|dwarf|orc|human,ARCANE|MILITARY|ARCANE|BALANCED,-1,,,,-1,TIMEOUT,true,240.0,2:orc,131,8,9.0,0.0,0,0,113.0,205.0,31.0,64.6
F33B-015,33199.0,240.0,dwarf|orc|human|elf,ARCANE|ARCANE|MILITARY|BALANCED,3.0,elf,BALANCED,v2_transcendence,205.0,TRANSCENDENCE,false,205.0,,,9,18.0,11.0,1,0,124.0,342.0,33.0,72.7
F33B-016,33206.0,240.0,orc|human|elf|dwarf,BALANCED|ARCANE|MILITARY|MILITARY,-1,,,,-1,TIMEOUT,true,240.0,0:orc,64,5,9.0,2.0,0,0,94.0,214.0,10.0,92.3
F33B-017,33213.0,240.0,human|elf|dwarf|orc,ARCANE|ARCANE|MILITARY|BALANCED,3.0,orc,BALANCED,v2_transcendence,205.0,TRANSCENDENCE,false,205.0,,,14,12.0,0.0,1,0,130.0,184.0,16.0,60.1
F33B-018,33220.0,240.0,elf|dwarf|orc|human,MILITARY|BALANCED|ARCANE|MILITARY,-1,,,,-1,TIMEOUT,true,240.0,,,15,28.0,9.0,0,0,116.0,531.0,53.0,97.7
F33B-019,33227.0,240.0,dwarf|orc|human|elf,BALANCED|MILITARY|ARCANE|MILITARY,-1,,,,-1,TIMEOUT,true,240.0,,,8,6.0,0.0,0,0,105.0,381.0,33.0,76.0
F33B-020,33234.0,240.0,orc|human|elf|dwarf,ARCANE|MILITARY|BALANCED|ARCANE,-1,,,,-1,TIMEOUT,true,240.0,,,6,6.0,2.0,1,0,103.0,111.0,32.0,74.3
F33B-021,33241.0,240.0,human|elf|dwarf|orc,BALANCED|ARCANE|MILITARY|MILITARY,-1,,,,-1,TIMEOUT,true,240.0,1:elf,219,27,12.0,2.0,0,0,168.0,394.0,66.0,87.7
F33B-022,33248.0,240.0,elf|dwarf|orc|human,MILITARY|BALANCED|BALANCED|ARCANE,-1,,,,-1,TIMEOUT,true,240.0,,,29,16.0,6.0,0,0,190.0,313.0,32.0,110.3
F33B-023,33255.0,240.0,dwarf|orc|human|elf,BALANCED|MILITARY|BALANCED|ARCANE,-1,,,,-1,TIMEOUT,true,240.0,,,8,16.0,6.0,0,0,146.0,265.0,22.0,81.7
F33B-024,33262.0,240.0,orc|human|elf|dwarf,MILITARY|BALANCED|BALANCED|ARCANE,-1,,,,-1,TIMEOUT,true,240.0,,,14,9.0,3.0,1,0,156.0,451.0,31.0,85.3
F33B-025,33268.0,240.0,human|elf|dwarf|orc,MILITARY|BALANCED|ARCANE|BALANCED,-1,,,,-1,TIMEOUT,true,240.0,,,12,14.0,4.0,0,0,187.0,395.0,37.0,79.7
F33B-026,33275.0,240.0,elf|dwarf|orc|human,ARCANE|MILITARY|ARCANE|BALANCED,-1,,,,-1,TIMEOUT,true,240.0,,,22,16.0,2.0,0,0,164.0,315.0,38.0,77.0
F33B-027,33282.0,240.0,dwarf|orc|human|elf,ARCANE|ARCANE|MILITARY|BALANCED,-1,,,,-1,TIMEOUT,true,240.0,,,20,18.0,3.0,0,0,172.0,486.0,51.0,72.8
F33B-028,33289.0,240.0,orc|human|elf|dwarf,BALANCED|ARCANE|MILITARY|MILITARY,2.0,elf,MILITARY,v2_military_supremacy,214.0,MILITARY_SUPREMACY,false,214.0,0:orc|1:human,51|175,9,14.0,3.0,0,0,158.0,215.0,27.0,63.5
F33B-029,33296.0,240.0,human|elf|dwarf|orc,ARCANE|ARCANE|MILITARY|BALANCED,-1,,,,-1,TIMEOUT,true,240.0,,,14,13.0,2.0,0,0,182.0,347.0,37.0,69.0
F33B-030,33303.0,240.0,elf|dwarf|orc|human,MILITARY|BALANCED|ARCANE|MILITARY,1.0,dwarf,BALANCED,v2_transcendence,199.0,TRANSCENDENCE,false,199.0,,,6,9.0,3.0,1,0,127.0,370.0,26.0,39.3
F33B-031,33310.0,240.0,dwarf|orc|human|elf,BALANCED|MILITARY|ARCANE|MILITARY,0.0,dwarf,BALANCED,v2_transcendence,179.0,TRANSCENDENCE,false,179.0,,,9,4.0,2.0,1,0,128.0,224.0,12.0,70.7
F33B-032,33317.0,240.0,orc|human|elf|dwarf,ARCANE|MILITARY|BALANCED|ARCANE,2.0,elf,BALANCED,v2_military_supremacy,188.0,MILITARY_SUPREMACY,false,188.0,3:dwarf|0:orc,152|177,10,19.0,3.0,0,0,111.0,283.0,33.0,46.0
F33B-033,33324.0,240.0,human|elf|dwarf|orc,BALANCED|ARCANE|MILITARY|MILITARY,-1,,,,-1,TIMEOUT,true,240.0,0:human,145,12,13.0,3.0,0,0,161.0,392.0,33.0,77.4
F33B-034,33331.0,240.0,elf|dwarf|orc|human,MILITARY|BALANCED|BALANCED|ARCANE,1.0,dwarf,BALANCED,v2_transcendence,231.0,TRANSCENDENCE,false,231.0,,,21,17.0,11.0,1,0,161.0,360.0,70.0,68.2
F33B-035,33338.0,240.0,dwarf|orc|human|elf,BALANCED|MILITARY|BALANCED|ARCANE,2.0,human,BALANCED,v2_transcendence,193.0,TRANSCENDENCE,false,193.0,,,13,9.0,3.0,1,0,149.0,310.0,32.0,40.7
F33B-036,33345.0,240.0,orc|human|elf|dwarf,MILITARY|BALANCED|BALANCED|ARCANE,1.0,human,BALANCED,v2_transcendence,200.0,TRANSCENDENCE,false,200.0,2:elf,173,5,5.0,1.0,1,0,106.0,321.0,28.0,38.7
F33B-037,33351.0,240.0,human|elf|dwarf|orc,MILITARY|BALANCED|ARCANE|BALANCED,1.0,elf,BALANCED,v2_transcendence,197.0,TRANSCENDENCE,false,197.0,,,20,9.0,1.0,1,0,126.0,174.0,29.0,54.3
F33B-038,33358.0,240.0,elf|dwarf|orc|human,ARCANE|MILITARY|ARCANE|BALANCED,-1,,,,-1,TIMEOUT,true,240.0,0:elf,84,23,13.0,5.0,0,0,223.0,534.0,56.0,77.9
F33B-039,33365.0,240.0,dwarf|orc|human|elf,ARCANE|ARCANE|MILITARY|BALANCED,3.0,elf,BALANCED,v2_transcendence,223.0,TRANSCENDENCE,false,223.0,,,21,1.0,0.0,1,0,146.0,292.0,27.0,63.2
F33B-040,33372.0,240.0,orc|human|elf|dwarf,BALANCED|ARCANE|MILITARY|MILITARY,-1,,,,-1,TIMEOUT,true,240.0,,,21,24.0,8.0,0,0,183.0,640.0,42.0,89.3
F33B-041,33379.0,240.0,human|elf|dwarf|orc,ARCANE|ARCANE|MILITARY|BALANCED,-1,,,,-1,TIMEOUT,true,240.0,,,11,10.0,0.0,1,1,154.0,244.0,21.0,68.2
F33B-042,33386.0,240.0,elf|dwarf|orc|human,MILITARY|BALANCED|ARCANE|MILITARY,-1,,,,-1,TIMEOUT,true,240.0,,,29,28.0,9.0,0,0,143.0,769.0,67.0,73.4
F33B-043,33393.0,240.0,dwarf|orc|human|elf,BALANCED|MILITARY|ARCANE|MILITARY,-1,,,,-1,TIMEOUT,true,240.0,,,27,22.0,3.0,0,0,167.0,373.0,75.0,97.3
F33B-044,33400.0,240.0,orc|human|elf|dwarf,ARCANE|MILITARY|BALANCED|ARCANE,2.0,elf,BALANCED,v2_transcendence,187.0,TRANSCENDENCE,false,187.0,,,12,8.0,1.0,1,0,104.0,168.0,25.0,54.4
F33B-045,33407.0,240.0,human|elf|dwarf|orc,BALANCED|ARCANE|MILITARY|MILITARY,-1,,,,-1,TIMEOUT,true,240.0,,,17,18.0,5.0,0,0,164.0,729.0,69.0,62.5
F33B-046,33414.0,240.0,elf|dwarf|orc|human,MILITARY|BALANCED|BALANCED|ARCANE,2.0,orc,BALANCED,v2_transcendence,215.0,TRANSCENDENCE,false,215.0,0:elf,17,9,5.0,0.0,1,0,171.0,214.0,17.0,58.2
F33B-047,33421.0,240.0,dwarf|orc|human|elf,BALANCED|MILITARY|BALANCED|ARCANE,-1,,,,-1,TIMEOUT,true,240.0,,,15,14.0,4.0,0,0,159.0,502.0,61.0,83.5
F33B-048,33428.0,240.0,orc|human|elf|dwarf,MILITARY|BALANCED|BALANCED|ARCANE,2.0,elf,BALANCED,v2_transcendence,157.0,TRANSCENDENCE,false,157.0,,,5,7.0,1.0,1,0,97.0,241.0,17.0,26.1
