match_id,player_index,race,orientation,final_status,eliminated_turn,final_city_count,max_city_count,developed_city_count,final_unit_count,max_relevant_units,final_gold,final_gold_net,final_mana,final_knowledge_income,final_supply_used,final_supply_capacity,knowledge_generated,invested_military,invested_magic,invested_infrastructure,research_idle_turns,research_switches,deficit_first,deficit_total,deficit_longest,tension_first,tension_total,tension_longest,max_supply_ratio,low_mana_turns,city_turns,idle_city_turns,waiting_mana_city_turns,settlers_produced,cities_founded,wars_declared,first_war_turn,war_fraction,cities_captured,cities_lost,unit_deaths,ritual_attempts,ritual_interruptions,final_focus,first_production,first_settler_produced,second_city_founded,third_city_founded,n1,n3,n5,n7,n9_first,n9_second,military_n9_first,military_n9_second,magic_n9_first,magic_n9_second,infra_1,infra_2,infra_3,supreme_army,transcendence,supremacy_research_ready,transcendence_research_ready,first_combat_unit,first_n3_unit,first_n5_form,first_n7_form,first_caster,first_builder,first_legendary,first_manifestation,second_distinct_manifestation,two_active_manifestations,transcendence_ritual_ready,first_ritual_start,city_level_2,city_level_3,city_level_4,fortification_1,fortification_2,fortification_3
F33B-001,0.0,human,MILITARY,winner,-1.0,15.0,15.0,6.0,26.0,20.0,2452.5,14.0,2688.0,139.0,59.0,124.0,8887.5,5128.0,1576.0,1104.0,0.0,1.0,99.0,11.0,11.0,-1.0,0.0,0.0,0.84,11.0,1095.0,142.0,0.0,2.0,2.0,3.0,29.0,0.653,12.0,0.0,8.0,0.0,0.0,MILITARY_SUPREMACY,17,49,53,86,21,30,67,79,96,125,96,125,157,197,9,45,62,132,-1,132,-1,36,36,74,107,150,60,112,-1,-1,-1,-1,-1,70,116,158,79,142,186
F33B-001,1.0,elf,BALANCED,eliminated,71.0,0.0,2.0,0.0,0.0,1.0,37.0,0.0,188.1,0.0,0.0,0.0,402.6,34.6,0.0,368.0,0.0,0.0,-1.0,0.0,0.0,-1.0,0.0,0.0,0.0,10.0,93.0,54.0,0.0,2.0,1.0,0.0,29.0,0.306,0.0,2.0,1.0,0.0,0.0,MILITARY_SUPREMACY,10,34,35,-1,59,-1,-1,-1,-1,-1,-1,-1,-1,-1,9,24,41,-1,-1,-1,-1,-1,-1,-1,-1,-1,25,-1,-1,-1,-1,-1,-1,-1,-1,-1,-1,-1,-1
F33B-001,2.0,dwarf,ARCANE,eliminated,197.0,0.0,6.0,0.0,0.0,8.0,35.2,0.0,807.0,0.0,0.0,0.0,2388.0,0.0,1976.0,412.0,0.0,2.0,131.0,7.0,7.0,-1.0,0.0,0.0,0.8,15.0,576.0,166.0,0.0,6.0,6.0,1.0,142.0,0.173,0.0,7.0,14.0,0.0,0.0,TRANSCENDENCE,10,44,51,74,21,31,70,88,119,169,-1,-1,119,169,9,45,64,-1,195,-1,195,-1,-1,-1,-1,38,-1,-1,147,-1,-1,-1,-1,175,-1,-1,185,-1,-1
F33B-001,3.0,orc,BALANCED,alive,-1.0,0.0,3.0,0.0,1.0,5.0,588.0,0.0,390.0,0.0,3.0,0.0,2101.0,1421.0,0.0,680.0,0.0,1.0,-1.0,0.0,0.0,119.0,79.0,79.0,0.91,11.0,236.0,34.0,0.0,2.0,2.0,0.0,106.0,0.173,0.0,3.0,4.0,0.0,0.0,MILITARY_SUPREMACY,17,34,35,73,67,69,71,79,99,-1,99,-1,-1,-1,9,30,45,-1,-1,-1,-1,79,-1,79,81,-1,38,-1,-1,-1,-1,-1,-1,63,98,-1,-1,-1,-1
F33B-002,0.0,elf,ARCANE,eliminated,17.0,0.0,1.0,0.0,0.0,1.0,32.0,0.0,17.6,0.0,0.0,0.0,35.2,0.0,3.2,32.0,0.0,0.0,-1.0,0.0,0.0,-1.0,0.0,0.0,0.0,15.0,16.0,15.0,0.0,0.0,0.0,0.0,8.0,0.392,0.0,1.0,1.0,0.0,0.0,TRANSCENDENCE,17,-1,-1,-1,-1,-1,-1,-1,-1,-1,-1,-1,-1,-1,9,-1,-1,-1,-1,-1,-1,-1,-1,-1,-1,-1,-1,-1,-1,-1,-1,-1,-1,-1,-1,-1,-1,-1,-1
F33B-002,1.0,dwarf,MILITARY,winner,-1.0,10.0,10.0,1.0,13.0,13.0,317.1,2.8,1229.0,87.0,36.0,80.0,2561.0,1976.0,0.0,568.0,0.0,1.0,-1.0,0.0,0.0,-1.0,0.0,0.0,0.96,11.0,552.0,105.0,0.0,4.0,4.0,2.0,80.0,0.412,5.0,0.0,5.0,0.0,0.0,MILITARY_SUPREMACY,16,43,45,68,21,29,66,83,106,141,106,141,-1,-1,9,44,60,151,-1,151,-1,35,35,74,104,-1,58,-1,-1,-1,-1,-1,-1,95,154,-1,-1,-1,-1
F33B-002,2.0,orc,ARCANE,eliminated,141.0,0.0,3.0,0.0,0.0,6.0,66.0,0.0,31.0,0.0,0.0,0.0,959.0,0.0,520.0,439.0,0.0,1.0,70.0,24.0,20.0,107.0,3.0,2.0,1.36,17.0,241.0,89.0,0.0,8.0,2.0,2.0,8.0,0.784,1.0,4.0,6.0,0.0,0.0,TRANSCENDENCE,18,67,71,127,19,29,35,86,-1,-1,-1,-1,-1,-1,9,42,54,-1,-1,-1,-1,-1,-1,-1,-1,39,-1,-1,-1,-1,-1,-1,-1,-1,-1,-1,-1,-1,-1
F33B-002,3.0,human,BALANCED,alive,-1.0,4.0,5.0,1.0,6.0,6.0,475.5,-5.0,597.0,36.0,18.0,16.0,4193.0,984.0,1976.0,1104.0,0.0,0.0,-1.0,0.0,0.0,154.0,1.0,1.0,1.13,11.0,383.0,32.0,0.0,4.0,4.0,0.0,152.0,0.02,0.0,1.0,7.0,0.0,0.0,TRANSCENDENCE,17,34,37,85,50,53,71,80,94,113,94,-1,113,132,9,30,46,-1,139,-1,139,58,58,76,121,124,40,-1,124,-1,-1,-1,-1,67,93,-1,130,-1,-1
F33B-003,0.0,dwarf,ARCANE,winner,-1.0,6.0,6.0,1.0,6.0,8.0,215.6,-8.8,16.0,28.0,8.0,32.0,2575.0,0.0,1976.0,599.0,0.0,1.0,197.0,24.0,11.0,99.0,14.0,9.0,2.0,22.0,524.0,109.0,0.0,9.0,7.0,2.0,64.0,0.485,0.0,2.0,4.0,1.0,0.0,TRANSCENDENCE,16,35,39,80,21,33,45,69,145,204,-1,-1,145,204,9,82,92,-1,231,-1,231,-1,-1,-1,-1,51,-1,-1,178,229,229,233,234,95,154,-1,188,216,-1
F33B-003,1.0,orc,ARCANE,alive,-1.0,6.0,6.0,0.0,17.0,20.0,509.0,12.0,817.0,42.0,28.0,35.2,4086.0,788.0,2362.0,936.0,0.0,1.0,172.0,20.0,20.0,-1.0,0.0,0.0,0.95,19.0,920.0,530.0,0.0,4.0,4.0,10.0,68.0,0.557,1.0,0.0,27.0,0.0,0.0,TRANSCENDENCE,17,48,51,77,21,34,74,97,127,169,228,-1,127,169,9,48,66,-1,188,-1,188,234,-1,234,234,41,-1,-1,-1,-1,-1,-1,-1,216,-1,-1,-1,-1,-1
F33B-003,2.0,human,MILITARY,alive,-1.0,5.0,6.0,1.0,3.0,13.0,56.5,-5.0,1943.0,20.0,15.0,36.0,3375.0,2455.0,0.0,920.0,0.0,1.0,200.0,28.0,17.0,164.0,1.0,1.0,1.08,11.0,748.0,272.0,0.0,10.0,7.0,5.0,64.0,0.578,3.0,6.0,20.0,0.0,0.0,MILITARY_SUPREMACY,17,50,54,75,21,30,72,90,114,155,114,155,-1,-1,9,45,65,173,-1,173,-1,37,37,83,110,-1,45,-1,-1,-1,-1,-1,-1,163,231,-1,194,-1,-1
F33B-003,3.0,elf,BALANCED,alive,-1.0,7.0,7.0,5.0,23.0,20.0,955.5,21.0,3204.7,101.2,57.0,108.0,9907.15,5128.0,3228.0,1104.0,0.0,1.0,181.0,1.0,1.0,-1.0,0.0,0.0,0.94,10.0,845.0,84.0,0.0,2.0,2.0,11.0,95.0,0.468,5.0,1.0,13.0,0.0,0.0,MILITARY_SUPREMACY,17,36,38,78,55,57,70,78,91,118,91,118,147,216,9,29,45,128,-1,128,-1,61,61,71,79,179,31,-1,198,-1,-1,-1,-1,69,94,127,81,186,196
F33B-004,0.0,orc,BALANCED,eliminated,37.0,0.0,2.0,0.0,0.0,1.0,53.0,0.0,36.0,0.0,0.0,0.0,78.0,0.0,0.0,78.0,0.0,0.0,-1.0,0.0,0.0,-1.0,0.0,0.0,0.0,10.0,36.0,22.0,0.0,0.0,0.0,0.0,4.0,0.294,2.0,3.0,1.0,0.0,0.0,MILITARY_SUPREMACY,20,-1,-1,-1,-1,-1,-1,-1,-1,-1,-1,-1,-1,-1,9,-1,-1,-1,-1,-1,-1,-1,-1,-1,-1,-1,-1,-1,-1,-1,-1,-1,-1,-1,-1,-1,-1,-1,-1
F33B-004,1.0,human,ARCANE,alive,-1.0,4.0,5.0,3.0,8.0,8.0,312.0,11.0,1130.0,33.0,17.0,16.0,3111.0,383.0,1976.0,752.0,0.0,2.0,133.0,6.0,6.0,205.0,1.0,1.0,1.06,19.0,672.0,163.0,0.0,4.0,4.0,0.0,125.0,0.324,0.0,1.0,1.0,0.0,0.0,TRANSCENDENCE,17,48,49,72,21,34,72,90,123,169,-1,-1,123,169,9,48,66,-1,185,-1,185,-1,-1,-1,-1,41,-1,-1,150,-1,-1,-1,-1,162,198,-1,-1,-1,-1
F33B-004,2.0,elf,MILITARY,eliminated,186.0,0.0,3.0,0.0,0.0,7.0,425.5,0.0,1065.7,0.0,0.0,0.0,2656.5,1976.0,0.0,680.5,0.0,1.0,101.0,3.0,3.0,135.0,6.0,5.0,1.83,11.0,421.0,34.0,0.0,1.0,1.0,3.0,4.0,0.735,5.0,7.0,19.0,0.0,0.0,MILITARY_SUPREMACY,30,36,37,-1,26,32,38,66,98,148,98,148,-1,-1,9,50,59,172,-1,172,-1,51,-1,51,68,-1,38,112,-1,-1,-1,-1,-1,61,127,180,72,146,-1
F33B-004,3.0,dwarf,MILITARY,winner,-1.0,9.0,9.0,7.0,13.0,13.0,628.9,-1.0,1898.0,77.0,44.0,84.0,4419.0,2764.0,788.0,800.0,0.0,1.0,115.0,16.0,16.0,146.0,2.0,2.0,1.15,11.0,805.0,130.0,0.0,4.0,4.0,4.0,62.0,0.446,6.0,2.0,15.0,0.0,0.0,MILITARY_SUPREMACY,16,43,45,67,21,29,66,83,112,159,112,159,193,-1,9,44,60,173,-1,173,-1,35,35,72,131,-1,56,129,-1,-1,-1,-1,-1,123,135,182,123,136,191
F33B-005,0.0,human,ARCANE,eliminated,139.0,0.0,3.0,0.0,0.0,4.0,95.0,0.0,149.0,0.0,0.0,0.0,599.0,0.0,199.0,400.0,0.0,1.0,98.0,6.0,6.0,66.0,38.0,38.0,1.5,19.0,178.0,19.0,0.0,7.0,5.0,3.0,60.0,0.41,0.0,6.0,4.0,0.0,0.0,TRANSCENDENCE,17,48,50,104,21,34,117,-1,-1,-1,-1,-1,-1,-1,9,48,65,-1,-1,-1,-1,-1,-1,-1,-1,41,-1,-1,-1,-1,-1,-1,-1,84,-1,-1,94,-1,-1
F33B-005,1.0,elf,ARCANE,alive,-1.0,3.0,5.0,0.0,1.0,5.0,70.0,6.0,122.5,6.6,0.0,12.0,2179.65,0.0,1779.65,400.0,0.0,1.0,205.0,15.0,15.0,163.0,3.0,2.0,2.0,18.0,567.0,211.0,0.0,9.0,8.0,2.0,54.0,0.577,0.0,6.0,16.0,0.0,0.0,TRANSCENDENCE,17,47,48,70,20,32,69,97,129,204,-1,-1,129,204,9,46,62,-1,-1,-1,-1,-1,-1,-1,-1,40,-1,-1,-1,-1,-1,-1,-1,188,-1,-1,210,-1,-1
F33B-005,2.0,dwarf,MILITARY,alive,-1.0,16.0,16.0,12.0,25.0,21.0,6157.5,116.6,4639.0,163.0,53.0,152.0,12572.0,5128.0,3476.0,1104.0,0.0,1.0,-1.0,0.0,0.0,-1.0,0.0,0.0,0.87,11.0,1937.0,408.0,0.0,5.0,4.0,10.0,54.0,0.577,12.0,1.0,13.0,0.0,0.0,MILITARY_SUPREMACY,16,50,54,67,21,29,70,83,109,135,109,135,175,215,9,44,64,145,-1,145,-1,35,35,79,107,139,42,125,-1,-1,-1,-1,-1,109,167,201,109,221,-1
F33B-005,3.0,orc,BALANCED,alive,-1.0,4.0,5.0,4.0,20.0,20.0,4015.0,42.0,2536.0,49.0,60.0,79.2,7096.0,5128.0,796.0,1104.0,0.0,0.0,-1.0,0.0,0.0,-1.0,0.0,0.0,0.97,11.0,724.0,58.0,0.0,2.0,2.0,5.0,66.0,0.54,3.0,2.0,14.0,0.0,0.0,MILITARY_SUPREMACY,17,34,37,99,50,53,71,79,93,122,93,122,155,-1,9,30,46,133,-1,133,-1,58,58,76,99,149,40,-1,-1,-1,-1,-1,-1,67,128,159,83,-1,-1
F33B-006,0.0,elf,MILITARY,eliminated,61.0,0.0,1.0,0.0,0.0,2.0,36.5,0.0,50.6,0.0,0.0,0.0,183.7,76.0,0.0,107.7,0.0,1.0,-1.0,0.0,0.0,47.0,14.0,14.0,0.5,10.0,46.0,15.0,0.0,0.0,0.0,0.0,34.0,0.268,0.0,1.0,3.0,0.0,0.0,MILITARY_SUPREMACY,17,-1,-1,-1,20,29,-1,-1,-1,-1,-1,-1,-1,-1,9,45,-1,-1,-1,-1,-1,36,36,-1,-1,-1,-1,-1,-1,-1,-1,-1,-1,-1,-1,-1,-1,-1,-1
F33B-006,1.0,dwarf,BALANCED,winner,-1.0,2.0,4.0,2.0,10.0,10.0,510.3,-5.0,292.0,24.0,30.0,32.0,5465.0,2364.0,1976.0,1104.0,0.0,0.0,84.0,10.0,10.0,-1.0,0.0,0.0,1.0,11.0,570.0,132.0,0.0,2.0,2.0,2.0,34.0,0.634,1.0,2.0,4.0,1.0,0.0,TRANSCENDENCE,16,34,36,116,47,56,58,65,89,124,89,183,124,147,9,29,43,-1,157,-1,157,63,-1,63,75,191,30,-1,191,220,220,220,221,50,119,166,60,-1,-1
F33B-006,2.0,orc,ARCANE,alive,-1.0,6.0,6.0,5.0,8.0,10.0,133.5,-7.0,813.0,52.0,23.0,44.0,4006.0,788.0,2282.0,936.0,0.0,1.0,138.0,10.0,10.0,-1.0,0.0,0.0,0.91,19.0,827.0,187.0,0.0,5.0,5.0,2.0,131.0,0.357,0.0,0.0,5.0,0.0,0.0,TRANSCENDENCE,17,48,49,73,21,34,72,90,125,172,215,-1,125,172,9,48,66,-1,186,-1,186,205,-1,205,211,41,-1,-1,154,-1,-1,-1,-1,171,207,-1,-1,-1,-1
F33B-006,3.0,human,MILITARY,alive,-1.0,8.0,8.0,7.0,23.0,20.0,527.0,22.0,2606.0,94.0,57.0,104.0,6953.0,5128.0,788.0,936.0,0.0,1.0,-1.0,0.0,0.0,-1.0,0.0,0.0,1.0,11.0,968.0,192.0,0.0,5.0,5.0,5.0,123.0,0.339,2.0,0.0,7.0,0.0,0.0,MILITARY_SUPREMACY,17,48,51,67,21,30,71,87,113,154,113,154,180,-1,9,45,64,165,-1,165,-1,36,36,125,144,-1,43,128,-1,-1,-1,-1,-1,118,162,172,162,221,-1
F33B-007,0.0,dwarf,BALANCED,winner,-1.0,5.0,6.0,4.0,16.0,15.0,1655.0,27.4,637.0,56.0,43.0,52.0,6285.0,3152.0,1976.0,1104.0,0.0,1.0,-1.0,0.0,0.0,-1.0,0.0,0.0,0.84,27.0,646.0,30.0,0.0,4.0,4.0,5.0,5.0,0.75,5.0,5.0,10.0,1.0,0.0,TRANSCENDENCE,29,37,38,55,68,70,73,84,100,118,100,159,118,136,9,40,53,-1,143,-1,143,74,74,79,90,132,59,115,132,188,188,188,189,87,106,166,136,180,-1
F33B-007,1.0,orc,MILITARY,alive,-1.0,9.0,9.0,6.0,19.0,20.0,595.5,31.0,2050.0,85.0,52.0,83.6,6792.0,5128.0,788.0,800.0,0.0,1.0,-1.0,0.0,0.0,-1.0,0.0,0.0,0.85,11.0,985.0,205.0,0.0,4.0,4.0,10.0,77.0,0.484,7.0,3.0,6.0,0.0,0.0,MILITARY_SUPREMACY,17,45,47,67,21,30,69,84,98,122,98,122,162,-1,9,45,63,132,-1,132,-1,36,36,95,95,-1,58,135,-1,-1,-1,-1,-1,81,124,184,118,134,-1
F33B-007,2.0,human,ARCANE,alive,-1.0,2.0,4.0,1.0,7.0,8.0,231.5,0.0,131.0,20.0,6.0,8.0,2717.0,0.0,1976.0,741.0,0.0,2.0,80.0,6.0,4.0,48.0,1.0,1.0,1.0,26.0,464.0,44.0,0.0,2.0,2.0,6.0,5.0,0.724,3.0,4.0,9.0,0.0,0.0,TRANSCENDENCE,20,55,58,100,17,26,37,82,118,153,-1,-1,118,153,9,64,73,-1,175,-1,175,-1,-1,-1,-1,37,-1,-1,154,-1,-1,-1,-1,69,119,168,76,131,187
F33B-007,3.0,elf,MILITARY,alive,-1.0,0.0,3.0,0.0,1.0,6.0,98.5,0.0,171.4,0.0,1.0,0.0,651.2,435.2,0.0,216.0,0.0,0.0,-1.0,0.0,0.0,87.0,104.0,103.0,1.5,10.0,144.0,45.0,0.0,3.0,2.0,8.0,73.0,0.51,0.0,3.0,6.0,0.0,0.0,MILITARY_SUPREMACY,17,45,46,67,20,29,64,80,-1,-1,-1,-1,-1,-1,9,45,60,-1,-1,-1,-1,36,36,73,-1,-1,57,-1,-1,-1,-1,-1,-1,-1,-1,-1,-1,-1,-1
F33B-008,0.0,orc,ARCANE,eliminated,158.0,0.0,3.0,0.0,0.0,5.0,55.5,0.0,24.0,0.0,0.0,0.0,606.0,0.0,374.0,232.0,0.0,1.0,-1.0,0.0,0.0,72.0,49.0,44.0,1.36,19.0,180.0,38.0,0.0,4.0,4.0,12.0,63.0,0.531,0.0,5.0,5.0,0.0,0.0,TRANSCENDENCE,17,48,51,77,21,34,75,104,-1,-1,-1,-1,-1,-1,9,48,66,-1,-1,-1,-1,-1,-1,-1,-1,41,-1,-1,-1,-1,-1,-1,-1,-1,-1,-1,-1,-1,-1
F33B-008,1.0,human,MILITARY,alive,-1.0,15.0,15.0,12.0,29.0,22.0,703.0,19.0,3676.0,179.0,64.0,196.0,12467.5,5128.0,3228.0,1104.0,0.0,1.0,95.0,7.0,4.0,-1.0,0.0,0.0,0.82,11.0,1626.0,220.0,0.0,4.0,4.0,11.0,80.0,0.531,12.0,2.0,19.0,0.0,0.0,MILITARY_SUPREMACY,17,45,48,74,21,30,70,88,114,137,114,137,177,218,9,45,63,149,-1,149,-1,36,36,80,112,102,64,170,223,-1,-1,-1,-1,124,154,172,143,226,236
F33B-008,2.0,elf,BALANCED,alive,-1.0,3.0,6.0,1.0,15.0,16.0,367.5,-6.0,933.0,17.6,53.0,44.0,6007.1,4115.1,788.0,1104.0,0.0,0.0,-1.0,0.0,0.0,163.0,16.0,14.0,1.79,10.0,703.0,75.0,0.0,3.0,3.0,6.0,92.0,0.498,5.0,6.0,16.0,0.0,0.0,MILITARY_SUPREMACY,17,36,37,68,72,74,76,82,95,123,95,123,147,-1,9,29,44,131,-1,131,-1,80,-1,80,84,143,31,129,-1,-1,-1,-1,-1,68,96,189,131,-1,-1
F33B-008,3.0,dwarf,ARCANE,alive,-1.0,2.0,6.0,1.0,5.0,10.0,321.6,11.0,902.0,19.0,10.0,16.0,3721.5,788.0,1984.0,936.0,0.0,1.0,172.0,25.0,25.0,-1.0,0.0,0.0,1.0,19.0,838.0,475.0,0.0,5.0,5.0,1.0,63.0,0.565,2.0,6.0,9.0,0.0,0.0,TRANSCENDENCE,16,46,49,70,21,33,70,83,110,170,239,-1,110,170,9,47,64,-1,191,-1,191,237,-1,237,237,40,-1,-1,-1,-1,-1,-1,-1,166,238,-1,-1,-1,-1
F33B-009,0.0,human,BALANCED,eliminated,52.0,0.0,1.0,0.0,0.0,1.0,33.0,0.0,28.0,0.0,0.0,0.0,77.0,0.0,0.0,77.0,0.0,0.0,-1.0,0.0,0.0,-1.0,0.0,0.0,0.0,11.0,28.0,16.0,0.0,0.0,0.0,1.0,23.0,0.251,0.0,1.0,1.0,0.0,0.0,TRANSCENDENCE,17,-1,-1,-1,-1,-1,-1,-1,-1,-1,-1,-1,-1,-1,9,-1,-1,-1,-1,-1,-1,-1,-1,-1,-1,-1,-1,-1,-1,-1,-1,-1,-1,-1,-1,-1,-1,-1,-1
F33B-009,1.0,elf,ARCANE,alive,-1.0,2.0,4.0,1.0,6.0,7.0,365.0,1.0,141.8,26.4,10.0,24.0,2762.1,0.0,1976.0,786.1,0.0,2.0,96.0,5.0,5.0,114.0,4.0,4.0,1.25,21.0,478.0,84.0,0.0,4.0,4.0,0.0,30.0,0.552,0.0,3.0,4.0,0.0,0.0,TRANSCENDENCE,17,53,54,75,20,32,70,91,158,203,-1,-1,158,203,9,46,64,-1,225,-1,225,-1,-1,-1,-1,40,-1,-1,198,-1,-1,-1,-1,135,177,-1,219,-1,-1
F33B-009,2.0,dwarf,MILITARY,alive,-1.0,4.0,4.0,3.0,14.0,15.0,157.6,9.8,669.0,33.0,53.0,64.0,4645.0,4013.0,0.0,632.0,0.0,0.0,47.0,11.0,11.0,213.0,13.0,13.0,2.04,11.0,607.0,31.0,0.0,2.0,2.0,8.0,23.0,0.703,4.0,3.0,13.0,0.0,0.0,MILITARY_SUPREMACY,16,66,70,229,21,29,64,82,104,144,104,144,-1,-1,9,39,52,161,-1,161,-1,35,35,117,125,-1,42,122,-1,-1,-1,-1,-1,76,99,192,-1,-1,-1
F33B-009,3.0,orc,MILITARY,alive,-1.0,7.0,8.0,7.0,19.0,17.0,1278.0,11.0,2455.0,77.0,53.0,118.8,8340.0,5128.0,1772.0,1104.0,0.0,1.0,107.0,5.0,5.0,-1.0,0.0,0.0,0.83,11.0,1141.0,122.0,0.0,3.0,3.0,4.0,90.0,0.473,6.0,3.0,10.0,0.0,0.0,MILITARY_SUPREMACY,17,45,48,65,21,30,67,82,110,141,110,141,169,234,9,45,62,153,-1,153,-1,36,36,111,111,-1,59,208,-1,-1,-1,-1,-1,98,153,184,107,231,-1
F33B-010,0.0,elf,MILITARY,eliminated,170.0,0.0,3.0,0.0,0.0,6.0,14.0,0.0,302.5,0.0,0.0,0.0,746.9,520.0,0.0,226.9,0.0,2.0,95.0,3.0,2.0,96.0,72.0,71.0,1.5,10.0,173.0,67.0,0.0,4.0,3.0,1.0,87.0,0.486,1.0,5.0,8.0,0.0,0.0,MILITARY_SUPREMACY,17,47,49,68,20,29,67,84,-1,-1,-1,-1,-1,-1,9,45,62,-1,-1,-1,-1,36,36,72,-1,-1,43,-1,-1,-1,-1,-1,-1,-1,-1,-1,-1,-1,-1
F33B-010,1.0,dwarf,BALANCED,alive,-1.0,0.0,5.0,0.0,1.0,6.0,1362.8,0.0,613.0,0.0,3.0,0.0,3084.0,788.0,1496.0,800.0,0.0,1.0,-1.0,0.0,0.0,175.0,35.0,35.0,0.88,11.0,459.0,101.0,0.0,4.0,4.0,1.0,131.0,0.264,0.0,5.0,14.0,0.0,0.0,TRANSCENDENCE,13,33,37,67,49,52,69,82,105,134,105,-1,134,-1,9,28,45,-1,-1,-1,-1,56,56,70,91,-1,40,-1,-1,-1,-1,-1,-1,70,129,159,84,-1,-1
F33B-010,2.0,orc,BALANCED,winner,-1.0,16.0,16.0,14.0,28.0,20.0,6418.5,115.0,3217.0,212.0,57.0,88.0,14032.0,5128.0,3348.0,1104.0,0.0,1.0,-1.0,0.0,0.0,-1.0,0.0,0.0,0.86,11.0,1493.0,153.0,0.0,5.0,5.0,3.0,87.0,0.476,11.0,1.0,12.0,0.0,0.0,MILITARY_SUPREMACY,17,36,38,101,68,70,73,81,96,112,96,112,133,185,9,30,46,119,-1,119,-1,81,144,81,99,159,31,190,192,-1,-1,-1,-1,64,93,153,74,113,203
F33B-010,3.0,human,ARCANE,alive,-1.0,4.0,5.0,4.0,1.0,6.0,2031.0,20.0,1048.0,38.0,2.0,16.0,3560.5,788.0,1976.0,752.0,0.0,1.0,123.0,5.0,5.0,-1.0,0.0,0.0,0.75,19.0,686.0,169.0,0.0,4.0,4.0,3.0,126.0,0.327,0.0,1.0,7.0,0.0,0.0,TRANSCENDENCE,17,48,53,75,21,34,75,92,121,169,209,-1,121,169,9,48,67,-1,184,-1,184,-1,-1,-1,-1,41,-1,-1,-1,-1,-1,-1,-1,148,184,-1,158,-1,-1
F33B-011,0.0,dwarf,BALANCED,alive,-1.0,8.0,8.0,4.0,17.0,15.0,1287.5,19.4,1217.0,83.0,39.0,72.0,6788.0,3348.0,1976.0,1104.0,0.0,1.0,118.0,6.0,6.0,-1.0,0.0,0.0,1.0,11.0,857.0,221.0,0.0,5.0,4.0,2.0,65.0,0.534,3.0,0.0,8.0,0.0,0.0,TRANSCENDENCE,12,35,38,67,49,52,69,81,99,118,99,159,118,138,9,27,45,-1,146,-1,146,56,56,75,83,110,70,127,-1,-1,-1,-1,-1,70,149,189,81,-1,-1
F33B-011,1.0,orc,MILITARY,alive,-1.0,7.0,7.0,3.0,19.0,16.0,70.5,15.0,1360.0,56.0,54.0,74.8,4360.0,2788.0,788.0,680.0,0.0,1.0,-1.0,0.0,0.0,-1.0,0.0,0.0,0.85,11.0,649.0,182.0,0.0,4.0,4.0,6.0,97.0,0.419,2.0,0.0,4.0,0.0,0.0,MILITARY_SUPREMACY,17,45,48,71,21,30,70,86,108,137,108,137,175,-1,9,45,63,150,-1,150,-1,36,36,71,101,189,59,120,-1,-1,-1,-1,-1,78,177,-1,124,-1,-1
F33B-011,2.0,human,BALANCED,winner,-1.0,2.0,3.0,2.0,5.0,7.0,60.0,-3.0,135.0,29.0,9.0,24.0,3948.0,812.0,1976.0,1104.0,0.0,1.0,-1.0,0.0,0.0,-1.0,0.0,0.0,0.88,11.0,354.0,29.0,0.0,1.0,1.0,4.0,97.0,0.419,1.0,1.0,9.0,1.0,0.0,TRANSCENDENCE,17,34,35,-1,64,66,69,80,99,133,99,-1,133,160,9,30,45,-1,174,-1,174,74,-1,74,120,170,38,-1,170,187,187,187,188,59,89,127,67,135,-1
F33B-011,3.0,elf,ARCANE,alive,-1.0,4.0,5.0,0.0,4.0,5.0,27.0,3.0,131.6,15.4,6.0,24.0,2110.35,0.0,1710.35,400.0,0.0,1.0,180.0,3.0,3.0,91.0,9.0,7.0,2.0,25.0,510.0,228.0,0.0,12.0,8.0,2.0,65.0,0.534,0.0,5.0,7.0,0.0,0.0,TRANSCENDENCE,17,47,48,71,20,32,69,110,143,184,-1,-1,143,184,9,46,62,-1,-1,-1,-1,-1,-1,-1,-1,40,-1,-1,-1,-1,-1,-1,-1,137,-1,-1,147,-1,-1
F33B-012,0.0,orc,MILITARY,eliminated,179.0,0.0,4.0,0.0,0.0,5.0,753.5,0.0,558.0,0.0,0.0,0.0,1613.0,1317.0,0.0,296.0,0.0,1.0,81.0,4.0,4.0,141.0,36.0,33.0,1.48,11.0,342.0,27.0,0.0,4.0,4.0,3.0,73.0,0.554,0.0,5.0,14.0,0.0,0.0,MILITARY_SUPREMACY,17,45,47,77,21,30,68,84,117,-1,117,-1,-1,-1,9,45,62,-1,-1,-1,-1,36,36,81,104,-1,72,-1,-1,-1,-1,-1,-1,65,125,-1,78,-1,-1
F33B-012,1.0,human,BALANCED,winner,-1.0,3.0,4.0,3.0,8.0,8.0,263.5,-8.0,248.0,34.0,18.0,28.0,5414.0,2334.0,1976.0,1104.0,0.0,1.0,-1.0,0.0,0.0,-1.0,0.0,0.0,1.0,11.0,535.0,39.0,0.0,2.0,2.0,2.0,135.0,0.289,1.0,1.0,16.0,1.0,0.0,TRANSCENDENCE,17,36,37,91,56,58,73,83,105,129,105,185,129,154,9,30,45,-1,163,-1,163,62,62,79,84,179,31,-1,179,200,200,200,201,70,103,154,81,119,173
F33B-012,2.0,elf,BALANCED,alive,-1.0,8.0,8.0,7.0,23.0,21.0,1037.5,2.0,2084.8,99.0,56.0,104.0,9015.6,5128.0,2412.0,1104.0,0.0,1.0,-1.0,0.0,0.0,-1.0,0.0,0.0,0.92,10.0,820.0,83.0,0.0,2.0,2.0,4.0,73.0,0.505,5.0,0.0,5.0,0.0,0.0,MILITARY_SUPREMACY,17,34,37,70,72,74,76,83,99,115,99,115,136,193,9,29,44,123,-1,123,-1,80,-1,80,84,185,40,-1,185,-1,-1,-1,-1,68,99,132,76,130,175
F33B-012,3.0,dwarf,ARCANE,alive,-1.0,6.0,6.0,0.0,9.0,9.0,272.0,21.6,1473.0,27.0,18.0,24.0,2890.5,162.5,1976.0,752.0,0.0,1.0,187.0,5.0,5.0,-1.0,0.0,0.0,0.75,19.0,729.0,485.0,0.0,5.0,5.0,0.0,-1.0,0.0,0.0,0.0,1.0,0.0,0.0,TRANSCENDENCE,16,46,47,67,21,33,69,86,115,158,-1,-1,115,158,9,47,63,-1,177,-1,177,-1,-1,-1,-1,40,-1,-1,-1,-1,-1,-1,-1,-1,-1,-1,-1,-1,-1
F33B-013,0.0,human,MILITARY,alive,-1.0,7.0,7.0,2.0,11.0,11.0,635.5,9.0,1262.0,63.0,37.0,60.0,3787.0,2172.0,788.0,632.0,0.0,2.0,81.0,6.0,3.0,-1.0,0.0,0.0,1.0,11.0,630.0,144.0,0.0,5.0,5.0,8.0,60.0,0.557,2.0,1.0,5.0,0.0,0.0,MILITARY_SUPREMACY,17,45,48,67,21,30,68,90,116,147,116,147,178,-1,9,45,63,160,-1,160,-1,36,36,69,101,-1,59,132,-1,-1,-1,-1,-1,74,169,-1,81,-1,-1
F33B-013,1.0,elf,BALANCED,alive,-1.0,3.0,3.0,3.0,10.0,11.0,32.0,7.0,351.5,37.4,20.0,36.0,3825.8,812.0,1976.0,984.0,0.0,1.0,-1.0,0.0,0.0,-1.0,0.0,0.0,1.0,10.0,405.0,43.0,0.0,3.0,3.0,2.0,49.0,0.546,0.0,1.0,2.0,0.0,0.0,TRANSCENDENCE,17,34,39,73,74,76,80,88,114,139,114,-1,139,164,9,29,45,-1,176,-1,176,84,-1,84,100,174,42,-1,174,-1,-1,-1,-1,69,103,147,77,-1,-1
F33B-013,2.0,dwarf,ARCANE,alive,-1.0,4.0,5.0,1.0,5.0,7.0,512.6,3.4,780.0,33.0,8.0,28.0,3111.5,367.5,1976.0,768.0,0.0,1.0,117.0,9.0,9.0,-1.0,0.0,0.0,1.0,19.0,600.0,196.0,0.0,3.0,3.0,1.0,49.0,0.612,1.0,1.0,5.0,0.0,0.0,TRANSCENDENCE,16,46,47,67,21,33,69,82,105,149,-1,-1,105,149,9,47,63,-1,164,-1,164,-1,-1,-1,-1,40,-1,-1,122,-1,-1,-1,-1,72,164,-1,145,-1,-1
F33B-013,3.0,orc,BALANCED,winner,-1.0,4.0,4.0,4.0,9.0,9.0,1336.0,9.0,821.0,46.0,23.0,26.4,4959.0,1772.0,1976.0,1104.0,0.0,1.0,88.0,4.0,4.0,-1.0,0.0,0.0,0.98,11.0,543.0,55.0,0.0,3.0,3.0,1.0,72.0,0.437,1.0,1.0,1.0,1.0,0.0,TRANSCENDENCE,17,34,37,69,50,52,55,78,98,122,98,174,122,140,9,30,46,-1,149,-1,149,57,57,58,88,160,40,-1,160,179,179,179,180,76,115,137,142,156,-1
F33B-014,0.0,elf,ARCANE,alive,-1.0,1.0,6.0,0.0,0.0,7.0,1137.0,6.0,124.6,7.7,2.0,4.0,2864.4,116.0,1976.0,768.0,0.0,2.0,74.0,8.0,6.0,-1.0,0.0,0.0,1.0,18.0,592.0,107.0,0.0,5.0,5.0,2.0,165.0,0.218,0.0,5.0,15.0,0.0,0.0,TRANSCENDENCE,17,72,76,86,20,32,78,101,129,167,-1,-1,129,167,9,46,68,-1,201,-1,201,-1,-1,-1,-1,40,-1,-1,162,-1,-1,-1,-1,55,-1,-1,65,-1,-1
F33B-014,1.0,dwarf,MILITARY,alive,-1.0,1.0,1.0,1.0,6.0,3.0,183.4,-1.2,314.0,11.0,3.0,4.0,1829.5,1365.5,0.0,464.0,0.0,1.0,78.0,11.0,11.0,-1.0,0.0,0.0,1.0,11.0,239.0,74.0,0.0,7.0,0.0,0.0,237.0,0.017,0.0,0.0,3.0,0.0,0.0,MILITARY_SUPREMACY,16,53,-1,-1,21,29,80,146,188,-1,188,-1,-1,-1,9,44,68,-1,-1,-1,-1,35,35,97,220,-1,-1,-1,-1,-1,-1,-1,-1,49,135,208,142,157,-1
F33B-014,2.0,orc,ARCANE,eliminated,131.0,0.0,4.0,0.0,0.0,6.0,75.0,0.0,264.0,0.0,0.0,0.0,843.0,0.0,627.0,216.0,0.0,1.0,-1.0,0.0,0.0,119.0,8.0,8.0,0.91,19.0,231.0,103.0,0.0,3.0,3.0,3.0,96.0,0.46,0.0,4.0,8.0,0.0,0.0,TRANSCENDENCE,17,48,49,71,21,34,72,89,-1,-1,-1,-1,-1,-1,9,48,66,-1,-1,-1,-1,-1,-1,-1,-1,41,-1,-1,-1,-1,-1,-1,-1,-1,-1,-1,-1,-1,-1
F33B-014,3.0,human,BALANCED,alive,-1.0,12.0,12.0,10.0,25.0,20.0,653.5,78.0,3498.0,138.0,56.0,80.0,12631.0,5128.0,5128.0,1104.0,3.0,0.0,-1.0,0.0,0.0,-1.0,0.0,0.0,0.88,11.0,1398.0,67.0,0.0,2.0,2.0,3.0,96.0,0.473,9.0,0.0,5.0,0.0,0.0,MILITARY_SUPREMACY,17,34,35,76,67,69,71,80,95,120,95,120,143,200,9,30,45,127,237,127,237,80,-1,80,88,107,70,-1,234,-1,-1,-1,-1,63,99,162,173,214,238
F33B-015,0.0,dwarf,ARCANE,alive,-1.0,0.0,3.0,0.0,1.0,13.0,0.0,0.0,192.0,0.0,0.0,0.0,639.0,0.0,239.0,400.0,0.0,1.0,-1.0,0.0,0.0,74.0,40.0,27.0,2.0,19.0,183.0,43.0,0.0,5.0,4.0,1.0,69.0,0.417,5.0,10.0,14.0,0.0,0.0,TRANSCENDENCE,16,46,51,76,21,33,71,-1,-1,-1,-1,-1,-1,-1,9,47,65,-1,-1,-1,-1,-1,-1,-1,-1,40,-1,-1,-1,-1,-1,-1,-1,116,-1,-1,-1,-1,-1
F33B-015,1.0,orc,ARCANE,alive,-1.0,6.0,6.0,1.0,9.0,9.0,403.0,3.0,777.0,47.0,19.0,26.4,3194.0,466.0,1976.0,752.0,0.0,2.0,136.0,7.0,7.0,-1.0,0.0,0.0,0.76,19.0,700.0,156.0,0.0,5.0,5.0,0.0,104.0,0.382,0.0,0.0,3.0,0.0,0.0,TRANSCENDENCE,17,48,51,74,21,34,74,91,125,172,-1,-1,125,172,9,48,66,-1,186,-1,186,205,-1,205,-1,41,-1,-1,152,-1,-1,-1,-1,168,204,-1,178,-1,-1
F33B-015,2.0,human,MILITARY,alive,-1.0,9.0,10.0,9.0,23.0,20.0,793.0,54.0,2002.0,101.0,56.0,84.0,7535.0,5128.0,864.0,1104.0,0.0,2.0,79.0,3.0,3.0,-1.0,0.0,0.0,0.95,11.0,1164.0,93.0,0.0,4.0,4.0,1.0,69.0,0.48,11.0,7.0,9.0,0.0,0.0,MILITARY_SUPREMACY,17,45,47,71,21,30,74,98,116,131,116,131,157,-1,9,45,63,139,-1,139,-1,36,36,84,121,123,58,158,-1,-1,-1,-1,-1,113,137,192,126,188,-1
F33B-015,3.0,elf,BALANCED,winner,-1.0,5.0,5.0,4.0,9.0,10.0,641.5,12.0,899.5,49.5,29.0,52.0,5865.2,2785.2,1976.0,1104.0,0.0,0.0,-1.0,0.0,0.0,-1.0,0.0,0.0,0.94,10.0,619.0,41.0,0.0,4.0,3.0,7.0,102.0,0.402,2.0,1.0,7.0,1.0,0.0,TRANSCENDENCE,17,36,38,68,72,74,76,82,96,121,96,174,121,142,9,29,45,-1,154,-1,154,82,-1,82,84,136,31,-1,136,200,200,200,201,69,97,135,77,155,-1
F33B-016,0.0,orc,BALANCED,eliminated,64.0,0.0,2.0,0.0,0.0,1.0,110.0,0.0,110.0,0.0,0.0,0.0,419.0,0.0,0.0,419.0,0.0,0.0,-1.0,0.0,0.0,-1.0,0.0,0.0,0.0,11.0,84.0,33.0,0.0,1.0,1.0,2.0,48.0,0.389,0.0,2.0,1.0,0.0,0.0,TRANSCENDENCE,17,34,36,-1,-1,-1,-1,-1,-1,-1,-1,-1,-1,-1,9,30,45,-1,-1,-1,-1,-1,-1,-1,-1,-1,39,-1,-1,-1,-1,-1,-1,61,-1,-1,-1,-1,-1
F33B-016,1.0,human,ARCANE,alive,-1.0,6.0,6.0,4.0,10.0,10.0,372.0,-4.0,1478.0,52.0,19.0,24.0,5136.5,788.0,3552.0,752.0,0.0,1.0,137.0,9.0,9.0,-1.0,0.0,0.0,0.79,16.0,890.0,229.0,0.0,5.0,5.0,0.0,-1.0,0.0,0.0,0.0,1.0,0.0,0.0,TRANSCENDENCE,11,76,78,85,21,31,77,96,126,167,206,-1,126,167,9,45,69,-1,181,-1,181,215,-1,215,215,38,-1,-1,156,-1,-1,-1,-1,53,186,-1,63,204,-1
F33B-016,2.0,elf,MILITARY,alive,-1.0,7.0,7.0,7.0,23.0,20.0,6488.5,58.0,2116.4,141.9,48.0,68.0,14500.2,5128.0,5128.0,1104.0,11.0,0.0,105.0,2.0,2.0,124.0,2.0,2.0,1.05,10.0,1164.0,333.0,0.0,1.0,1.0,2.0,48.0,0.343,7.0,2.0,2.0,0.0,0.0,MILITARY_SUPREMACY,17,45,50,-1,20,29,63,75,91,113,91,113,139,192,9,45,60,121,229,121,229,36,36,71,93,191,68,115,191,-1,-1,-1,-1,64,112,155,66,175,185
F33B-016,3.0,dwarf,MILITARY,alive,-1.0,0.0,4.0,0.0,2.0,6.0,179.9,0.0,268.0,0.0,2.0,0.0,1074.0,652.0,0.0,422.0,0.0,3.0,99.0,19.0,19.0,99.0,142.0,142.0,2.5,11.0,230.0,36.0,0.0,2.0,2.0,1.0,80.0,0.259,2.0,5.0,6.0,0.0,0.0,MILITARY_SUPREMACY,16,43,46,67,21,29,66,81,-1,-1,-1,-1,-1,-1,9,44,61,-1,-1,-1,-1,35,35,72,95,-1,57,-1,-1,-1,-1,-1,-1,89,124,-1,-1,-1,-1
F33B-017,0.0,human,ARCANE,alive,-1.0,5.0,5.0,4.0,7.0,7.0,123.5,0.0,514.0,55.0,18.0,28.0,3689.0,788.0,2000.0,768.0,0.0,2.0,99.0,3.0,3.0,100.0,2.0,2.0,1.25,19.0,640.0,70.0,0.0,6.0,6.0,3.0,78.0,0.49,0.0,2.0,2.0,0.0,0.0,TRANSCENDENCE,17,48,52,67,21,34,73,112,144,170,203,-1,144,170,9,48,67,-1,181,-1,181,-1,-1,-1,-1,41,-1,-1,184,-1,-1,-1,-1,141,177,-1,205,-1,-1
F33B-017,1.0,elf,ARCANE,alive,-1.0,2.0,6.0,0.0,7.0,8.0,407.0,3.0,94.2,7.7,12.0,24.0,2287.45,0.0,1703.45,584.0,0.0,1.0,141.0,9.0,9.0,196.0,5.0,5.0,1.75,18.0,562.0,173.0,0.0,7.0,7.0,0.0,64.0,0.539,0.0,6.0,2.0,0.0,0.0,TRANSCENDENCE,17,47,48,71,20,32,69,99,128,192,-1,-1,128,192,9,46,62,-1,-1,-1,-1,-1,-1,-1,-1,40,-1,-1,181,-1,-1,-1,-1,196,-1,-1,-1,-1,-1
F33B-017,2.0,dwarf,MILITARY,alive,-1.0,11.0,11.0,4.0,24.0,20.0,2188.0,25.1,1972.0,86.0,56.0,108.0,6253.0,4456.0,788.0,680.0,0.0,1.0,94.0,7.0,4.0,-1.0,0.0,0.0,0.95,11.0,1072.0,146.0,0.0,4.0,4.0,8.0,64.0,0.554,9.0,3.0,9.0,0.0,0.0,MILITARY_SUPREMACY,16,43,46,67,21,29,66,84,113,141,113,141,181,-1,9,44,61,151,-1,151,-1,35,35,72,106,156,57,191,156,-1,-1,-1,-1,118,146,174,179,-1,-1
F33B-017,3.0,orc,BALANCED,winner,-1.0,5.0,5.0,5.0,14.0,14.0,1478.5,-9.0,732.0,50.0,36.0,48.4,5479.0,2364.0,1976.0,1104.0,0.0,1.0,-1.0,0.0,0.0,-1.0,0.0,0.0,0.85,11.0,588.0,38.0,0.0,3.0,2.0,3.0,114.0,0.368,3.0,1.0,3.0,1.0,0.0,TRANSCENDENCE,30,36,47,66,81,83,85,93,109,130,109,178,130,150,9,41,59,-1,159,-1,159,92,-1,92,96,156,58,-1,156,200,200,200,201,83,117,174,100,-1,-1
F33B-018,0.0,elf,MILITARY,alive,-1.0,4.0,6.0,2.0,14.0,14.0,1032.5,-2.0,1164.8,39.6,45.0,72.0,3718.55,2840.0,0.0,878.55,0.0,0.0,143.0,10.0,10.0,208.0,6.0,5.0,1.38,10.0,714.0,77.0,0.0,7.0,7.0,4.0,124.0,0.393,7.0,11.0,14.0,0.0,0.0,MILITARY_SUPREMACY,17,45,47,76,20,29,65,82,114,168,114,168,-1,-1,9,45,61,192,-1,192,-1,36,36,82,90,-1,85,-1,-1,-1,-1,-1,-1,116,200,230,123,-1,-1
F33B-018,1.0,dwarf,BALANCED,alive,-1.0,14.0,14.0,11.0,27.0,20.0,584.8,20.4,1599.0,149.0,52.0,128.0,13336.0,5128.0,5128.0,1104.0,3.0,1.0,-1.0,0.0,0.0,-1.0,0.0,0.0,0.92,11.0,1422.0,164.0,0.0,4.0,4.0,5.0,138.0,0.36,10.0,1.0,3.0,0.0,0.0,MILITARY_SUPREMACY,16,33,34,78,48,51,69,77,93,116,93,116,146,200,9,29,44,126,237,126,237,55,55,70,83,144,37,177,161,189,189,237,-1,63,113,133,104,-1,-1
F33B-018,2.0,orc,ARCANE,alive,-1.0,2.0,6.0,1.0,6.0,10.0,68.5,3.0,178.0,14.0,2.0,8.8,2538.0,0.0,1976.0,562.0,0.0,2.0,148.0,7.0,7.0,-1.0,0.0,0.0,0.91,19.0,627.0,152.0,0.0,11.0,10.0,0.0,136.0,0.351,0.0,9.0,15.0,0.0,0.0,TRANSCENDENCE,17,48,50,87,21,34,73,93,127,196,-1,-1,127,196,9,48,66,-1,222,-1,222,-1,-1,-1,-1,41,-1,-1,176,-1,-1,-1,-1,191,238,-1,-1,-1,-1
F33B-018,3.0,human,MILITARY,alive,-1.0,10.0,12.0,6.0,18.0,20.0,349.5,-3.0,1566.0,112.0,54.0,104.0,9863.5,5128.0,2364.0,1104.0,0.0,1.0,153.0,4.0,4.0,153.0,1.0,1.0,1.19,11.0,1244.0,215.0,0.0,5.0,5.0,6.0,124.0,0.406,11.0,7.0,21.0,0.0,0.0,MILITARY_SUPREMACY,17,45,47,66,21,30,69,84,111,149,111,149,180,231,9,45,63,162,-1,162,-1,36,36,95,95,179,58,151,215,-1,-1,-1,-1,112,190,229,123,219,-1
F33B-019,0.0,dwarf,BALANCED,alive,-1.0,7.0,8.0,6.0,22.0,21.0,1530.3,6.4,1980.0,62.0,55.0,84.0,8148.0,5128.0,1692.0,1104.0,0.0,1.0,-1.0,0.0,0.0,-1.0,0.0,0.0,1.0,11.0,1007.0,97.0,0.0,4.0,4.0,4.0,108.0,0.427,4.0,2.0,11.0,0.0,0.0,MILITARY_SUPREMACY,16,33,34,70,45,47,65,75,94,126,94,126,157,235,9,29,44,136,-1,136,-1,52,52,75,106,160,37,107,229,-1,-1,-1,-1,59,118,186,161,168,197
F33B-019,1.0,orc,MILITARY,alive,-1.0,6.0,6.0,2.0,15.0,13.0,1858.0,36.0,959.0,42.0,39.0,52.8,4695.0,3088.0,788.0,800.0,0.0,2.0,138.0,6.0,6.0,-1.0,0.0,0.0,0.88,11.0,941.0,442.0,0.0,5.0,5.0,0.0,-1.0,0.0,0.0,0.0,7.0,0.0,0.0,MILITARY_SUPREMACY,17,45,47,68,21,30,69,87,120,166,120,166,214,-1,9,45,63,183,-1,183,-1,36,36,78,128,-1,58,-1,-1,-1,-1,-1,-1,179,210,-1,209,-1,-1
F33B-019,2.0,human,ARCANE,alive,-1.0,6.0,6.0,1.0,11.0,11.0,63.5,-7.0,691.0,37.0,27.0,32.0,3705.0,788.0,1976.0,936.0,0.0,2.0,131.0,7.0,7.0,-1.0,0.0,0.0,1.0,19.0,820.0,214.0,0.0,10.0,9.0,0.0,108.0,0.439,0.0,4.0,5.0,0.0,0.0,TRANSCENDENCE,17,48,49,69,21,34,72,89,122,174,240,-1,122,174,9,48,66,-1,199,-1,199,234,-1,234,234,41,-1,-1,149,-1,-1,-1,-1,168,231,-1,192,-1,-1
F33B-019,3.0,elf,MILITARY,alive,-1.0,7.0,7.0,5.0,23.0,20.0,2549.5,58.0,1833.7,86.9,62.0,92.0,7745.1,5128.0,1112.0,1104.0,0.0,0.0,183.0,6.0,6.0,-1.0,0.0,0.0,1.0,10.0,950.0,104.0,0.0,4.0,4.0,4.0,113.0,0.385,2.0,0.0,10.0,0.0,0.0,MILITARY_SUPREMACY,17,45,47,68,20,29,67,82,108,148,108,148,212,-1,9,45,62,163,-1,163,-1,36,36,74,136,-1,62,129,-1,-1,-1,-1,-1,114,193,222,150,-1,-1
F33B-020,0.0,orc,ARCANE,alive,-1.0,3.0,6.0,1.0,7.0,12.0,624.5,11.0,121.0,36.0,10.0,13.2,3801.5,788.0,1984.0,1001.5,0.0,2.0,148.0,13.0,13.0,152.0,5.0,5.0,1.02,23.0,794.0,234.0,0.0,6.0,6.0,2.0,109.0,0.427,1.0,5.0,7.0,0.0,0.0,TRANSCENDENCE,17,48,50,76,21,34,73,91,126,185,239,-1,126,185,9,48,66,-1,201,-1,201,-1,-1,-1,-1,41,-1,-1,162,-1,-1,-1,-1,191,220,-1,201,-1,-1
F33B-020,1.0,human,MILITARY,alive,-1.0,6.0,6.0,4.0,9.0,7.0,1117.0,43.0,1320.0,40.0,23.0,30.0,4920.5,3552.0,788.0,560.0,0.0,1.0,167.0,7.0,7.0,-1.0,0.0,0.0,0.83,11.0,927.0,480.0,0.0,6.0,5.0,0.0,-1.0,0.0,0.0,0.0,13.0,0.0,0.0,MILITARY_SUPREMACY,17,45,47,79,21,30,70,88,120,156,120,156,201,-1,9,45,63,171,-1,171,-1,36,36,76,107,-1,58,140,-1,-1,-1,-1,-1,205,230,-1,-1,-1,-1
F33B-020,2.0,elf,BALANCED,alive,-1.0,9.0,9.0,7.0,17.0,17.0,59.5,21.0,1926.4,106.7,40.0,60.0,9062.9,4728.0,2772.0,1104.0,0.0,1.0,-1.0,0.0,0.0,-1.0,0.0,0.0,0.95,10.0,1090.0,238.0,0.0,5.0,5.0,2.0,109.0,0.423,4.0,1.0,10.0,1.0,0.0,TRANSCENDENCE,17,35,37,68,45,47,64,76,102,139,102,186,139,160,9,29,44,-1,169,-1,169,52,52,72,93,114,31,-1,222,237,237,237,238,163,177,208,210,-1,-1
F33B-020,3.0,dwarf,ARCANE,alive,-1.0,7.0,7.0,4.0,20.0,16.0,406.7,71.8,2051.0,73.0,35.0,44.0,5854.0,788.0,3876.0,936.0,0.0,1.0,194.0,10.0,8.0,-1.0,0.0,0.0,0.95,19.0,895.0,244.0,0.0,5.0,5.0,2.0,188.0,0.18,1.0,0.0,2.0,0.0,0.0,TRANSCENDENCE,16,46,48,71,21,33,70,87,118,160,207,-1,118,160,9,47,63,-1,175,-1,175,194,-1,194,208,40,210,-1,215,-1,-1,-1,-1,158,227,-1,181,-1,-1
F33B-021,0.0,human,BALANCED,alive,-1.0,4.0,4.0,3.0,11.0,14.0,1637.0,0.0,959.0,46.0,39.0,72.0,6444.5,4416.0,788.0,1104.0,0.0,0.0,78.0,7.0,7.0,-1.0,0.0,0.0,1.0,11.0,640.0,29.0,0.0,2.0,2.0,13.0,70.0,0.544,3.0,2.0,13.0,0.0,0.0,MILITARY_SUPREMACY,17,34,36,87,49,51,55,80,114,133,114,133,165,-1,9,30,45,143,-1,143,-1,57,57,63,94,-1,39,-1,-1,-1,-1,-1,-1,66,122,161,93,218,239
F33B-021,1.0,elf,ARCANE,eliminated,219.0,0.0,5.0,0.0,0.0,6.0,257.0,0.0,338.8,0.0,0.0,0.0,2011.35,0.0,1667.35,344.0,0.0,2.0,148.0,7.0,7.0,-1.0,0.0,0.0,1.0,18.0,393.0,48.0,0.0,8.0,5.0,1.0,53.0,0.598,1.0,7.0,15.0,0.0,0.0,TRANSCENDENCE,17,47,53,96,20,32,95,117,140,209,-1,-1,140,209,9,46,73,-1,-1,-1,-1,133,-1,133,-1,40,-1,-1,-1,-1,-1,-1,-1,132,132,-1,151,175,-1
F33B-021,2.0,dwarf,MILITARY,alive,-1.0,8.0,9.0,6.0,21.0,20.0,2742.2,80.6,1466.0,94.0,56.0,80.0,7755.5,5128.0,1112.0,1104.0,0.0,1.0,67.0,10.0,9.0,-1.0,0.0,0.0,1.0,11.0,1048.0,119.0,0.0,3.0,3.0,7.0,53.0,0.582,6.0,2.0,15.0,0.0,0.0,MILITARY_SUPREMACY,16,43,47,154,21,29,64,85,120,153,120,153,189,-1,9,44,60,166,-1,166,-1,35,35,84,89,59,58,-1,-1,-1,-1,-1,-1,96,123,184,151,219,-1
F33B-021,3.0,orc,MILITARY,alive,-1.0,7.0,7.0,3.0,12.0,13.0,438.0,5.0,1755.0,57.0,39.0,50.6,4678.0,3088.0,788.0,716.0,0.0,2.0,160.0,8.0,8.0,-1.0,0.0,0.0,0.98,11.0,922.0,223.0,0.0,5.0,5.0,6.0,72.0,0.544,2.0,1.0,23.0,0.0,0.0,MILITARY_SUPREMACY,17,45,49,71,21,30,71,88,121,179,121,179,218,-1,9,45,64,194,-1,194,-1,36,36,77,125,-1,60,-1,-1,-1,-1,-1,-1,150,204,229,178,-1,-1
F33B-022,0.0,elf,MILITARY,alive,-1.0,7.0,7.0,0.0,15.0,13.0,0.0,-15.0,1404.3,37.95,31.0,28.0,4535.85,2772.0,788.0,920.0,0.0,0.0,132.0,92.0,36.0,215.0,26.0,26.0,1.21,10.0,1016.0,760.0,0.0,3.0,3.0,8.0,56.0,0.582,4.0,1.0,6.0,0.0,0.0,MILITARY_SUPREMACY,17,45,50,71,20,29,68,89,122,173,122,173,239,-1,9,45,62,189,-1,189,-1,36,36,77,117,185,61,144,-1,-1,-1,-1,-1,109,-1,-1,112,-1,-1
F33B-022,1.0,dwarf,BALANCED,alive,-1.0,4.0,5.0,3.0,18.0,16.0,1020.6,12.2,2275.0,46.0,49.0,64.0,6226.0,4334.0,788.0,1104.0,0.0,1.0,163.0,2.0,2.0,-1.0,0.0,0.0,1.0,11.0,677.0,25.0,0.0,4.0,4.0,13.0,37.0,0.636,4.0,5.0,9.0,0.0,0.0,MILITARY_SUPREMACY,16,34,37,56,58,62,80,101,118,139,118,139,169,-1,9,29,47,149,-1,149,-1,65,65,81,108,240,30,239,-1,-1,-1,-1,-1,76,124,197,171,205,-1
F33B-022,2.0,orc,BALANCED,alive,-1.0,11.0,11.0,5.0,25.0,19.0,829.5,24.0,707.0,75.0,48.0,66.0,7313.0,3988.0,1976.0,1104.0,0.0,0.0,180.0,7.0,7.0,-1.0,0.0,0.0,0.99,11.0,1084.0,318.0,0.0,6.0,6.0,6.0,37.0,0.644,7.0,3.0,11.0,0.0,0.0,TRANSCENDENCE,17,34,36,102,48,50,53,71,93,129,93,200,129,161,9,30,45,-1,170,-1,170,55,55,56,109,127,39,-1,192,-1,-1,-1,-1,130,196,208,147,-1,-1
F33B-022,3.0,human,ARCANE,alive,-1.0,4.0,7.0,0.0,19.0,17.0,68.0,19.0,120.0,23.0,16.0,16.0,3078.0,166.0,1976.0,936.0,0.0,0.0,193.0,23.0,19.0,222.0,11.0,11.0,1.5,19.0,805.0,320.0,0.0,13.0,9.0,2.0,56.0,0.565,1.0,7.0,6.0,0.0,0.0,TRANSCENDENCE,30,36,52,80,21,41,64,85,144,190,-1,-1,144,190,9,91,99,-1,209,-1,209,-1,-1,-1,-1,62,-1,-1,227,-1,-1,-1,-1,102,-1,-1,114,-1,-1
F33B-023,0.0,dwarf,BALANCED,alive,-1.0,0.0,2.0,0.0,1.0,4.0,84.9,0.0,108.0,0.0,1.0,0.0,647.0,196.0,0.0,451.0,0.0,0.0,-1.0,0.0,0.0,82.0,159.0,159.0,1.0,11.0,108.0,33.0,0.0,1.0,1.0,3.0,43.0,0.594,0.0,2.0,4.0,0.0,0.0,MILITARY_SUPREMACY,16,33,35,-1,49,51,74,-1,-1,-1,-1,-1,-1,-1,9,29,44,-1,-1,-1,-1,56,56,82,-1,-1,38,-1,-1,-1,-1,-1,-1,67,-1,-1,77,-1,-1
F33B-023,1.0,orc,MILITARY,alive,-1.0,6.0,6.0,4.0,8.0,6.0,1916.0,23.0,1420.0,76.0,20.0,26.4,6271.0,4416.0,788.0,800.0,0.0,1.0,126.0,10.0,10.0,-1.0,0.0,0.0,0.91,11.0,920.0,270.0,0.0,5.0,5.0,0.0,-1.0,0.0,0.0,0.0,1.0,0.0,0.0,MILITARY_SUPREMACY,17,45,47,66,21,30,67,85,113,162,113,162,202,-1,9,45,62,177,-1,177,-1,36,36,83,145,-1,58,131,-1,-1,-1,-1,-1,159,183,227,239,-1,-1
F33B-023,2.0,human,BALANCED,alive,-1.0,13.0,13.0,9.0,27.0,22.0,842.0,4.0,2733.0,123.0,58.0,124.0,11224.5,5128.0,4056.0,1104.0,0.0,1.0,67.0,7.0,7.0,-1.0,0.0,0.0,0.84,11.0,1479.0,151.0,0.0,2.0,2.0,5.0,43.0,0.611,13.0,3.0,7.0,0.0,0.0,MILITARY_SUPREMACY,17,34,36,72,46,49,65,80,94,113,94,113,137,208,9,30,45,122,-1,122,-1,53,53,84,88,159,39,-1,203,-1,-1,-1,-1,78,110,151,82,218,233
F33B-023,3.0,elf,ARCANE,alive,-1.0,1.0,5.0,0.0,10.0,15.0,359.5,11.0,221.7,6.6,10.0,12.0,2713.15,0.0,1976.0,737.15,0.0,2.0,140.0,10.0,7.0,135.0,7.0,3.0,1.5,18.0,611.0,173.0,0.0,9.0,8.0,0.0,127.0,0.347,3.0,11.0,10.0,0.0,0.0,TRANSCENDENCE,17,47,48,73,20,32,69,85,118,199,-1,-1,118,199,9,46,62,-1,223,-1,223,-1,-1,-1,-1,40,-1,-1,157,-1,-1,-1,-1,174,-1,-1,189,-1,-1
F33B-024,0.0,orc,MILITARY,alive,-1.0,4.0,7.0,3.0,12.0,13.0,1900.5,18.0,1241.0,44.0,36.0,61.6,5068.0,3360.0,788.0,920.0,0.0,1.0,112.0,11.0,11.0,-1.0,0.0,0.0,0.97,11.0,742.0,57.0,0.0,4.0,4.0,6.0,106.0,0.435,3.0,4.0,9.0,0.0,0.0,MILITARY_SUPREMACY,17,73,76,79,21,30,69,88,116,159,116,159,197,-1,9,45,63,171,-1,171,-1,36,36,84,100,-1,57,139,-1,-1,-1,-1,-1,46,153,168,64,183,-1
F33B-024,1.0,human,BALANCED,alive,-1.0,9.0,9.0,8.0,26.0,21.0,1816.0,-1.0,966.0,118.0,59.0,92.0,11122.0,5128.0,3268.0,1104.0,0.0,1.0,-1.0,0.0,0.0,-1.0,0.0,0.0,1.0,11.0,1041.0,178.0,0.0,5.0,5.0,1.0,54.0,0.594,4.0,1.0,6.0,0.0,0.0,MILITARY_SUPREMACY,17,34,35,67,76,78,82,92,122,142,122,142,164,217,9,30,45,151,-1,151,-1,88,-1,88,93,182,115,180,233,-1,-1,-1,-1,63,87,147,73,99,194
F33B-024,2.0,elf,BALANCED,alive,-1.0,1.0,4.0,1.0,16.0,17.0,457.5,-7.0,353.2,13.2,17.0,20.0,5320.7,2240.7,1976.0,1104.0,0.0,0.0,-1.0,0.0,0.0,140.0,23.0,22.0,1.5,10.0,556.0,141.0,0.0,5.0,2.0,7.0,54.0,0.594,2.0,4.0,13.0,1.0,0.0,TRANSCENDENCE,17,34,36,96,54,56,68,75,93,124,93,206,124,145,9,29,44,-1,158,-1,158,60,60,72,103,115,39,-1,202,236,236,236,237,68,131,159,169,178,-1
F33B-024,3.0,dwarf,ARCANE,alive,-1.0,6.0,6.0,0.0,17.0,14.0,194.8,16.4,1787.0,42.0,30.0,32.0,4476.0,788.0,2752.0,936.0,0.0,1.0,225.0,2.0,2.0,-1.0,0.0,0.0,1.0,19.0,903.0,446.0,0.0,6.0,5.0,0.0,228.0,0.054,0.0,0.0,3.0,0.0,0.0,TRANSCENDENCE,16,46,48,70,21,33,70,87,119,162,217,-1,119,162,9,47,63,-1,182,-1,182,236,-1,236,236,40,230,-1,227,-1,-1,-1,-1,213,-1,-1,-1,-1,-1
F33B-025,0.0,human,MILITARY,alive,-1.0,5.0,7.0,0.0,12.0,17.0,238.5,9.0,1174.0,13.0,38.0,60.0,4886.0,3178.0,788.0,920.0,0.0,1.0,138.0,10.0,10.0,138.0,20.0,10.0,1.33,11.0,794.0,71.0,0.0,9.0,9.0,6.0,111.0,0.435,2.0,7.0,20.0,0.0,0.0,MILITARY_SUPREMACY,17,45,48,69,21,30,70,86,107,143,107,143,177,-1,9,45,63,157,-1,157,-1,36,36,80,102,182,59,125,198,-1,-1,-1,-1,77,155,-1,106,185,-1
F33B-025,1.0,elf,BALANCED,alive,-1.0,11.0,11.0,9.0,24.0,20.0,1414.5,13.0,2954.0,134.2,60.0,148.0,11249.7,5128.0,3268.0,1104.0,0.0,1.0,-1.0,0.0,0.0,-1.0,0.0,0.0,0.88,10.0,1074.0,99.0,0.0,5.0,4.0,1.0,33.0,0.661,8.0,2.0,5.0,0.0,0.0,MILITARY_SUPREMACY,17,34,35,59,76,78,83,92,108,133,108,133,157,217,9,29,47,141,-1,141,-1,83,83,84,94,217,38,-1,217,-1,-1,-1,-1,74,103,164,113,198,208
F33B-025,2.0,dwarf,ARCANE,alive,-1.0,2.0,3.0,2.0,7.0,7.0,201.2,4.0,640.0,24.0,12.0,16.0,3354.0,442.0,1976.0,936.0,0.0,2.0,66.0,1.0,1.0,-1.0,0.0,0.0,1.0,19.0,486.0,61.0,0.0,1.0,1.0,2.0,33.0,0.452,1.0,1.0,2.0,0.0,0.0,TRANSCENDENCE,16,65,67,-1,21,33,79,96,124,173,-1,-1,124,173,9,43,55,-1,198,-1,198,-1,-1,-1,-1,40,-1,-1,194,-1,-1,-1,-1,90,138,223,97,-1,-1
F33B-025,3.0,orc,BALANCED,alive,-1.0,2.0,3.0,2.0,8.0,9.0,172.0,1.0,594.0,24.0,27.0,44.0,4690.0,2772.0,788.0,1104.0,0.0,0.0,-1.0,0.0,0.0,-1.0,0.0,0.0,0.95,11.0,495.0,37.0,0.0,2.0,2.0,3.0,162.0,0.28,3.0,4.0,10.0,0.0,0.0,MILITARY_SUPREMACY,17,34,35,193,67,69,74,87,106,139,106,139,191,-1,9,30,45,155,-1,155,-1,76,76,78,113,-1,-1,-1,-1,-1,-1,-1,-1,63,98,147,69,116,196
F33B-026,0.0,elf,ARCANE,alive,-1.0,4.0,6.0,1.0,5.0,10.0,292.0,1.0,124.5,36.3,10.0,32.0,3540.35,628.350000000001,1976.0,936.0,0.0,2.0,179.0,1.0,1.0,-1.0,0.0,0.0,0.83,26.0,800.0,275.0,0.0,9.0,9.0,6.0,61.0,0.582,0.0,6.0,6.0,0.0,0.0,TRANSCENDENCE,17,47,49,75,20,32,68,85,130,192,-1,-1,130,192,9,46,63,-1,211,-1,211,-1,-1,-1,-1,40,-1,-1,-1,-1,-1,-1,-1,76,231,-1,92,-1,-1
F33B-026,1.0,dwarf,MILITARY,alive,-1.0,16.0,16.0,8.0,24.0,17.0,3248.5,102.2,4599.0,153.0,47.0,96.0,10076.5,5128.0,2480.0,1104.0,0.0,1.0,135.0,12.0,11.0,-1.0,0.0,0.0,0.78,11.0,1754.0,616.0,0.0,5.0,5.0,5.0,106.0,0.456,12.0,2.0,14.0,0.0,0.0,MILITARY_SUPREMACY,16,43,47,68,21,29,67,85,114,139,114,139,168,226,9,44,61,150,-1,150,-1,35,35,73,107,201,58,132,237,-1,-1,-1,-1,89,192,215,198,226,-1
F33B-026,2.0,orc,ARCANE,alive,-1.0,0.0,4.0,0.0,4.0,6.0,11.5,0.0,63.0,0.0,8.0,0.0,1073.0,0.0,788.0,285.0,0.0,1.0,-1.0,0.0,0.0,118.0,118.0,116.0,2.27,131.0,277.0,144.0,0.0,4.0,4.0,4.0,61.0,0.494,0.0,5.0,2.0,0.0,0.0,TRANSCENDENCE,17,48,50,73,21,34,73,90,129,-1,-1,-1,129,-1,9,48,66,-1,-1,-1,-1,-1,-1,-1,-1,41,-1,-1,-1,-1,-1,-1,-1,-1,-1,-1,-1,-1,-1
F33B-026,3.0,human,BALANCED,alive,-1.0,7.0,8.0,4.0,23.0,21.0,3503.0,44.0,2257.0,67.0,31.0,76.0,7319.0,4016.0,1976.0,1104.0,0.0,0.0,-1.0,0.0,0.0,-1.0,0.0,0.0,0.86,11.0,1000.0,296.0,0.0,5.0,5.0,7.0,78.0,0.536,4.0,3.0,16.0,0.0,0.0,TRANSCENDENCE,17,34,36,66,46,49,67,80,108,141,108,184,141,159,9,30,45,-1,166,-1,166,53,53,116,116,159,39,-1,221,-1,-1,-1,-1,133,154,203,163,-1,-1
F33B-027,0.0,dwarf,ARCANE,alive,-1.0,0.0,5.0,0.0,5.0,8.0,360.8,0.0,14.0,0.0,8.0,0.0,2416.0,0.0,1976.0,440.0,0.0,1.0,-1.0,0.0,0.0,197.0,44.0,44.0,2.0,61.0,545.0,150.0,0.0,4.0,4.0,1.0,56.0,0.536,1.0,6.0,5.0,0.0,0.0,TRANSCENDENCE,11,44,47,69,21,31,68,100,129,172,-1,-1,129,172,9,45,62,-1,196,-1,196,-1,-1,-1,-1,38,-1,-1,196,-1,-1,-1,-1,135,173,-1,145,-1,-1
F33B-027,1.0,orc,ARCANE,alive,-1.0,5.0,6.0,3.0,19.0,17.0,125.0,35.0,782.0,38.0,21.0,22.0,4485.0,788.0,2761.0,936.0,0.0,1.0,139.0,9.0,9.0,231.0,6.0,6.0,1.18,19.0,897.0,298.0,0.0,6.0,5.0,2.0,134.0,0.381,1.0,2.0,13.0,0.0,0.0,TRANSCENDENCE,17,48,51,80,21,34,74,92,125,169,216,-1,125,169,9,48,66,-1,186,-1,186,220,-1,220,220,41,228,-1,153,-1,-1,-1,-1,172,208,-1,223,-1,-1
F33B-027,2.0,human,MILITARY,alive,-1.0,5.0,5.0,1.0,9.0,9.0,25.0,0.0,1146.0,35.0,21.0,36.0,2711.0,1976.0,0.0,725.5,0.0,2.0,198.0,26.0,18.0,187.0,23.0,11.0,2.75,11.0,688.0,222.0,0.0,11.0,10.0,10.0,56.0,0.582,2.0,8.0,12.0,0.0,0.0,MILITARY_SUPREMACY,17,52,56,69,21,30,73,96,139,194,139,194,-1,-1,9,45,66,223,-1,223,-1,36,36,83,112,-1,43,-1,-1,-1,-1,-1,-1,162,198,-1,198,207,-1
F33B-027,3.0,elf,BALANCED,alive,-1.0,18.0,18.0,13.0,29.0,21.0,2767.0,20.0,4346.2,189.2,57.0,144.0,15510.0,5128.0,5128.0,1104.0,4.0,0.0,117.0,8.0,2.0,-1.0,0.0,0.0,1.0,10.0,1664.0,183.0,0.0,5.0,5.0,7.0,116.0,0.418,14.0,2.0,21.0,0.0,0.0,MILITARY_SUPREMACY,17,36,38,68,61,63,78,86,100,119,100,119,147,199,9,29,45,129,236,129,236,69,69,80,108,211,31,178,211,-1,-1,-1,-1,78,148,167,138,187,-1
F33B-028,0.0,orc,BALANCED,eliminated,51.0,0.0,1.0,0.0,0.0,1.0,34.5,0.0,30.0,0.0,0.0,0.0,88.0,0.0,0.0,88.0,0.0,0.0,-1.0,0.0,0.0,-1.0,0.0,0.0,0.0,11.0,30.0,16.0,0.0,0.0,0.0,0.0,25.0,0.282,0.0,1.0,1.0,0.0,0.0,MILITARY_SUPREMACY,17,-1,-1,-1,-1,-1,-1,-1,-1,-1,-1,-1,-1,-1,9,30,-1,-1,-1,-1,-1,-1,-1,-1,-1,-1,-1,-1,-1,-1,-1,-1,-1,-1,-1,-1,-1,-1,-1
F33B-028,1.0,human,ARCANE,eliminated,175.0,0.0,4.0,0.0,0.0,6.0,958.0,0.0,545.0,0.0,0.0,0.0,1581.0,0.0,1181.0,400.0,0.0,1.0,102.0,8.0,8.0,-1.0,0.0,0.0,0.83,19.0,375.0,88.0,0.0,3.0,3.0,1.0,68.0,0.479,0.0,4.0,12.0,0.0,0.0,TRANSCENDENCE,17,48,52,68,21,34,74,90,134,-1,-1,-1,134,-1,9,48,67,-1,-1,-1,-1,-1,-1,-1,-1,41,-1,-1,-1,-1,-1,-1,-1,130,-1,-1,140,-1,-1
F33B-028,2.0,elf,MILITARY,winner,-1.0,7.0,8.0,1.0,6.0,8.0,73.5,-6.0,1051.6,25.3,29.0,36.0,2216.5,1976.0,0.0,232.0,0.0,0.0,-1.0,0.0,0.0,81.0,2.0,2.0,1.25,10.0,560.0,197.0,0.0,11.0,10.0,5.0,25.0,0.502,3.0,7.0,10.0,0.0,0.0,MILITARY_SUPREMACY,17,34,37,83,20,29,50,66,116,201,116,201,-1,-1,9,38,47,214,-1,214,-1,36,36,151,181,-1,47,-1,-1,-1,-1,-1,-1,137,188,-1,196,-1,-1
F33B-028,3.0,dwarf,MILITARY,alive,-1.0,11.0,12.0,10.0,20.0,19.0,2411.3,64.4,2466.0,113.0,53.0,84.0,9216.0,5128.0,2096.0,1104.0,0.0,1.0,-1.0,0.0,0.0,-1.0,0.0,0.0,0.94,11.0,1210.0,194.0,0.0,1.0,1.0,3.0,68.0,0.54,11.0,2.0,4.0,0.0,0.0,MILITARY_SUPREMACY,16,43,44,-1,21,29,65,81,101,126,101,126,157,206,9,44,60,137,-1,137,-1,35,35,86,91,161,55,152,-1,-1,-1,-1,-1,69,171,191,80,210,-1
F33B-029,0.0,human,ARCANE,alive,-1.0,2.0,5.0,2.0,4.0,10.0,589.5,8.0,488.0,24.0,4.0,14.0,3760.0,788.0,2156.0,816.0,0.0,2.0,102.0,10.0,10.0,-1.0,0.0,0.0,1.0,19.0,619.0,89.0,0.0,5.0,5.0,2.0,12.0,0.753,0.0,4.0,17.0,0.0,0.0,TRANSCENDENCE,19,55,57,69,21,35,82,96,143,175,233,-1,143,175,9,49,69,-1,193,-1,193,-1,-1,-1,-1,42,-1,-1,-1,-1,-1,-1,-1,137,173,239,158,236,-1
F33B-029,1.0,elf,ARCANE,alive,-1.0,6.0,6.0,3.0,10.0,10.0,166.0,1.0,1464.1,62.7,18.0,24.0,5001.15,788.0,3461.15,752.0,0.0,1.0,184.0,3.0,3.0,-1.0,0.0,0.0,0.75,18.0,923.0,401.0,0.0,5.0,5.0,1.0,160.0,0.054,0.0,0.0,1.0,0.0,0.0,TRANSCENDENCE,17,47,50,71,20,32,70,86,113,153,207,-1,113,153,9,46,63,-1,171,-1,171,-1,-1,-1,-1,40,-1,-1,205,-1,-1,-1,-1,210,237,-1,-1,-1,-1
F33B-029,2.0,dwarf,MILITARY,alive,-1.0,0.0,5.0,0.0,3.0,9.0,1074.6,0.0,1118.0,0.0,11.0,0.0,3351.5,2551.5,0.0,800.0,0.0,1.0,65.0,9.0,9.0,160.0,40.0,26.0,2.17,11.0,589.0,22.0,0.0,3.0,3.0,7.0,12.0,0.711,3.0,7.0,15.0,0.0,0.0,MILITARY_SUPREMACY,17,73,74,79,21,30,82,99,119,148,119,148,-1,-1,9,45,71,162,-1,162,-1,36,36,110,110,176,65,131,-1,-1,-1,-1,-1,46,107,-1,121,169,-1
F33B-029,3.0,orc,BALANCED,alive,-1.0,12.0,12.0,10.0,27.0,21.0,2943.5,80.0,1888.0,144.0,61.0,149.6,11972.0,5128.0,3988.0,1104.0,0.0,0.0,-1.0,0.0,0.0,-1.0,0.0,0.0,0.91,11.0,1119.0,141.0,0.0,3.0,3.0,4.0,146.0,0.31,10.0,2.0,4.0,0.0,0.0,MILITARY_SUPREMACY,17,34,37,76,68,70,72,81,97,122,97,122,155,210,9,30,46,135,-1,135,-1,78,-1,78,83,184,40,177,222,-1,-1,-1,-1,64,94,125,158,173,225
F33B-030,0.0,elf,MILITARY,alive,-1.0,1.0,5.0,0.0,9.0,12.0,494.5,1.0,1421.1,7.7,26.0,20.0,2692.8,2056.0,0.0,632.0,0.0,1.0,80.0,6.0,6.0,188.0,12.0,12.0,1.3,10.0,519.0,129.0,0.0,2.0,2.0,4.0,37.0,0.611,3.0,5.0,11.0,0.0,0.0,MILITARY_SUPREMACY,17,49,50,98,20,29,59,75,111,159,111,159,-1,-1,9,45,56,180,-1,180,-1,36,36,72,102,47,60,-1,-1,-1,-1,-1,-1,118,142,-1,157,173,-1
F33B-030,1.0,dwarf,BALANCED,winner,-1.0,6.0,6.0,5.0,13.0,13.0,1507.3,-5.2,826.0,66.0,44.0,56.0,6008.5,2884.0,1976.0,1104.0,0.0,0.0,95.0,7.0,7.0,-1.0,0.0,0.0,0.88,11.0,635.0,70.0,0.0,3.0,3.0,1.0,81.0,0.404,3.0,1.0,9.0,1.0,0.0,TRANSCENDENCE,16,34,37,77,47,49,64,73,89,121,89,173,121,141,9,29,43,-1,149,-1,149,54,54,71,84,165,30,99,165,194,194,194,195,62,126,146,85,139,191
F33B-030,2.0,orc,ARCANE,alive,-1.0,0.0,1.0,0.0,1.0,2.0,31.0,0.0,93.0,0.0,2.0,0.0,144.0,0.0,57.0,87.0,0.0,1.0,-1.0,0.0,0.0,46.0,154.0,154.0,0.91,19.0,45.0,16.0,0.0,0.0,0.0,0.0,37.0,0.303,0.0,1.0,1.0,0.0,0.0,TRANSCENDENCE,17,-1,-1,-1,21,34,-1,-1,-1,-1,-1,-1,-1,-1,9,-1,-1,-1,-1,-1,-1,-1,-1,-1,-1,41,-1,-1,-1,-1,-1,-1,-1,-1,-1,-1,-1,-1,-1
F33B-030,3.0,human,MILITARY,alive,-1.0,7.0,8.0,4.0,18.0,14.0,32.0,32.0,1546.0,64.0,53.0,76.0,4869.0,3281.0,788.0,800.0,0.0,1.0,142.0,9.0,7.0,134.0,11.0,7.0,1.31,11.0,736.0,139.0,0.0,5.0,5.0,1.0,129.0,0.333,3.0,2.0,5.0,0.0,0.0,MILITARY_SUPREMACY,17,45,49,70,21,30,71,86,106,140,106,140,178,-1,9,45,64,154,-1,154,-1,36,36,90,91,-1,60,143,-1,-1,-1,-1,-1,79,179,193,105,193,-1
F33B-031,0.0,dwarf,BALANCED,winner,-1.0,4.0,5.0,4.0,10.0,10.0,1884.8,23.0,763.0,46.0,27.0,40.0,4590.0,1510.0,1976.0,1104.0,0.0,1.0,-1.0,0.0,0.0,-1.0,0.0,0.0,1.0,11.0,502.0,60.0,0.0,3.0,3.0,1.0,120.0,0.337,1.0,1.0,4.0,1.0,0.0,TRANSCENDENCE,16,33,38,85,50,52,66,78,94,125,94,-1,125,145,9,29,46,-1,154,-1,154,56,56,67,90,156,41,-1,156,174,174,174,175,64,114,134,70,154,164
F33B-031,1.0,orc,MILITARY,alive,-1.0,5.0,5.0,2.0,6.0,8.0,1285.5,16.0,1040.0,28.0,26.0,26.4,2383.0,1976.0,0.0,400.0,0.0,2.0,122.0,7.0,7.0,-1.0,0.0,0.0,0.98,11.0,548.0,157.0,0.0,4.0,4.0,1.0,120.0,0.337,0.0,0.0,5.0,0.0,0.0,MILITARY_SUPREMACY,17,45,46,68,21,30,67,85,115,163,115,163,-1,-1,9,45,61,179,-1,179,-1,36,36,74,139,-1,57,132,-1,-1,-1,-1,-1,148,172,-1,-1,-1,-1
F33B-031,2.0,human,ARCANE,alive,-1.0,6.0,6.0,0.0,20.0,19.0,74.5,15.0,172.0,27.0,20.0,30.0,1904.5,0.0,1440.5,464.0,0.0,2.0,161.0,11.0,11.0,-1.0,0.0,0.0,1.0,19.0,503.0,226.0,0.0,6.0,5.0,2.0,42.0,0.607,2.0,2.0,1.0,0.0,0.0,TRANSCENDENCE,17,48,49,90,21,34,92,108,140,-1,-1,-1,140,-1,9,48,87,-1,-1,-1,-1,-1,-1,-1,-1,41,-1,-1,177,-1,-1,-1,-1,-1,-1,-1,-1,-1,-1
F33B-031,3.0,elf,MILITARY,alive,-1.0,6.0,6.0,0.0,17.0,15.0,35.0,0.0,880.0,50.6,35.0,56.0,3303.3,2687.3,0.0,616.0,0.0,0.0,-1.0,0.0,0.0,-1.0,0.0,0.0,0.89,10.0,578.0,263.0,0.0,5.0,5.0,5.0,42.0,0.607,1.0,1.0,2.0,0.0,0.0,MILITARY_SUPREMACY,17,45,48,88,20,29,61,77,112,146,112,146,-1,-1,9,45,58,160,-1,160,-1,36,36,125,136,54,60,130,-1,-1,-1,-1,-1,106,-1,-1,147,-1,-1
F33B-032,0.0,orc,ARCANE,eliminated,177.0,0.0,2.0,0.0,0.0,4.0,68.0,0.0,23.0,0.0,0.0,0.0,790.0,0.0,510.0,280.0,0.0,1.0,-1.0,0.0,0.0,64.0,53.0,40.0,1.36,19.0,190.0,23.0,0.0,5.0,3.0,2.0,58.0,0.567,2.0,6.0,8.0,0.0,0.0,TRANSCENDENCE,17,48,50,103,21,34,85,113,-1,-1,-1,-1,-1,-1,9,48,67,-1,-1,-1,-1,-1,-1,-1,-1,41,-1,-1,-1,-1,-1,-1,-1,69,-1,-1,72,-1,-1
F33B-032,1.0,human,MILITARY,alive,-1.0,9.0,10.0,0.0,10.0,14.0,1496.5,18.0,1839.0,52.0,29.0,84.0,5094.5,3506.5,788.0,800.0,0.0,1.0,102.0,4.0,2.0,-1.0,0.0,0.0,0.96,11.0,909.0,215.0,0.0,2.0,2.0,3.0,58.0,0.561,11.0,5.0,13.0,0.0,0.0,MILITARY_SUPREMACY,17,48,51,75,21,30,68,81,105,127,105,127,160,-1,9,45,63,138,-1,138,-1,36,36,77,89,147,43,-1,162,-1,-1,-1,-1,65,176,-1,88,-1,-1
F33B-032,2.0,elf,BALANCED,winner,-1.0,8.0,8.0,5.0,20.0,19.0,1185.0,38.0,476.2,96.8,53.0,88.0,6953.1,4860.0,788.0,1104.0,0.0,0.0,-1.0,0.0,0.0,102.0,3.0,3.0,1.13,10.0,642.0,77.0,0.0,2.0,2.0,5.0,83.0,0.455,5.0,0.0,6.0,0.0,0.0,MILITARY_SUPREMACY,17,34,35,108,71,73,75,83,100,126,100,126,148,-1,9,29,43,134,-1,134,-1,82,112,82,103,150,38,153,-1,-1,-1,-1,-1,67,97,180,75,142,-1
F33B-032,3.0,dwarf,ARCANE,eliminated,152.0,0.0,5.0,0.0,0.0,6.0,68.2,0.0,512.0,0.0,0.0,0.0,1152.0,0.0,936.0,216.0,0.0,1.0,-1.0,0.0,0.0,107.0,18.0,18.0,2.5,17.0,306.0,128.0,0.0,9.0,6.0,0.0,98.0,0.241,1.0,8.0,6.0,0.0,0.0,TRANSCENDENCE,12,44,45,71,21,31,67,85,134,-1,-1,-1,134,-1,9,45,61,-1,-1,-1,-1,-1,-1,-1,-1,38,-1,-1,-1,-1,-1,-1,-1,-1,-1,-1,-1,-1,-1
F33B-033,0.0,human,BALANCED,eliminated,145.0,0.0,2.0,0.0,0.0,3.0,52.5,0.0,194.0,0.0,0.0,0.0,1401.0,665.0,0.0,736.0,0.0,4.0,-1.0,0.0,0.0,68.0,13.0,8.0,1.0,11.0,152.0,35.0,0.0,1.0,1.0,2.0,50.0,0.444,2.0,4.0,10.0,0.0,0.0,TRANSCENDENCE,12,36,38,-1,56,58,97,123,-1,-1,-1,-1,-1,-1,9,27,45,-1,-1,-1,-1,62,62,104,133,-1,26,-1,-1,-1,-1,-1,-1,86,126,-1,100,-1,-1
F33B-033,1.0,elf,ARCANE,alive,-1.0,3.0,6.0,0.0,8.0,11.0,24.0,-9.0,1288.2,17.6,14.0,20.0,4428.6,788.0,2704.6,936.0,0.0,1.0,-1.0,0.0,0.0,-1.0,0.0,0.0,0.9,18.0,876.0,478.0,0.0,5.0,5.0,2.0,111.0,0.418,0.0,3.0,7.0,0.0,0.0,TRANSCENDENCE,17,47,50,71,20,32,70,86,113,153,214,-1,113,153,9,46,63,-1,171,-1,171,-1,-1,-1,-1,40,-1,-1,219,-1,-1,-1,-1,223,-1,-1,-1,-1,-1
F33B-033,2.0,dwarf,MILITARY,alive,-1.0,0.0,4.0,0.0,1.0,5.0,135.9,0.0,345.0,0.0,3.0,0.0,1374.0,1094.0,0.0,280.0,0.0,0.0,-1.0,0.0,0.0,148.0,93.0,93.0,1.0,11.0,259.0,62.0,0.0,3.0,2.0,4.0,50.0,0.364,3.0,6.0,10.0,0.0,0.0,MILITARY_SUPREMACY,10,38,41,102,18,26,61,73,121,-1,121,-1,-1,-1,9,39,55,-1,-1,-1,-1,30,30,105,110,-1,52,-1,-1,-1,-1,-1,-1,84,-1,-1,91,-1,-1
F33B-033,3.0,orc,MILITARY,alive,-1.0,11.0,11.0,8.0,26.0,20.0,2030.5,19.0,2790.0,142.0,62.0,127.6,11862.0,5128.0,3988.0,1104.0,0.0,1.0,89.0,8.0,8.0,-1.0,0.0,0.0,0.95,11.0,1255.0,84.0,0.0,2.0,2.0,4.0,71.0,0.527,8.0,0.0,6.0,0.0,0.0,MILITARY_SUPREMACY,17,45,48,67,21,30,70,84,111,140,111,140,160,210,9,45,63,149,-1,149,-1,36,36,88,91,-1,59,157,-1,-1,-1,-1,-1,81,134,182,142,149,209
F33B-034,0.0,elf,MILITARY,alive,-1.0,2.0,6.0,2.0,1.0,6.0,1146.0,2.0,997.7,20.9,6.0,16.0,3507.35,2579.35,8.0,920.0,0.0,1.0,97.0,6.0,6.0,201.0,2.0,2.0,1.5,10.0,557.0,51.0,0.0,2.0,2.0,4.0,61.0,0.561,7.0,8.0,25.0,0.0,0.0,MILITARY_SUPREMACY,17,45,47,67,20,29,66,80,98,151,98,151,-1,-1,9,45,62,175,-1,175,-1,36,36,73,93,89,58,-1,-1,-1,-1,-1,-1,84,143,199,96,-1,-1
F33B-034,1.0,dwarf,BALANCED,winner,-1.0,6.0,6.0,3.0,19.0,17.0,193.3,11.0,669.0,53.0,52.0,64.0,6920.0,3840.0,1976.0,1104.0,0.0,1.0,-1.0,0.0,0.0,-1.0,0.0,0.0,0.92,11.0,691.0,31.0,0.0,5.0,5.0,7.0,71.0,0.543,1.0,1.0,22.0,1.0,0.0,TRANSCENDENCE,16,33,34,78,47,49,64,73,89,124,89,183,124,148,9,29,43,-1,158,-1,158,53,53,70,83,103,37,189,173,226,226,226,227,61,126,151,87,131,182
F33B-034,2.0,orc,BALANCED,alive,-1.0,6.0,6.0,2.0,13.0,15.0,766.5,6.0,775.0,40.0,36.0,88.0,5536.0,3576.0,788.0,1104.0,0.0,0.0,-1.0,0.0,0.0,126.0,1.0,1.0,1.02,11.0,507.0,32.0,0.0,5.0,5.0,9.0,71.0,0.539,1.0,1.0,16.0,0.0,0.0,MILITARY_SUPREMACY,17,34,35,216,64,66,68,77,95,118,95,118,161,-1,9,30,45,129,-1,129,-1,70,70,76,88,231,38,210,231,-1,-1,-1,-1,59,82,118,89,199,-1
F33B-034,3.0,human,ARCANE,alive,-1.0,6.0,7.0,5.0,18.0,18.0,1002.0,36.0,411.0,60.0,38.0,72.0,5484.0,788.0,3600.0,936.0,0.0,1.0,174.0,6.0,6.0,67.0,5.0,4.0,2.0,19.0,775.0,42.0,0.0,4.0,4.0,1.0,61.0,0.574,8.0,7.0,7.0,0.0,0.0,TRANSCENDENCE,17,48,51,71,21,34,77,105,130,156,198,-1,130,156,9,48,66,-1,169,-1,169,111,188,111,111,41,183,210,176,-1,-1,-1,-1,95,128,214,100,144,-1
F33B-035,0.0,dwarf,BALANCED,alive,-1.0,6.0,6.0,2.0,9.0,9.0,1803.6,32.4,847.0,50.0,31.0,40.0,4281.5,1505.5,1976.0,800.0,0.0,1.0,110.0,1.0,1.0,63.0,5.0,5.0,1.13,11.0,615.0,47.0,0.0,5.0,5.0,7.0,23.0,0.661,2.0,2.0,6.0,0.0,0.0,TRANSCENDENCE,16,33,35,93,53,55,57,82,108,150,108,-1,150,170,9,29,43,-1,179,-1,179,42,42,62,93,-1,38,129,-1,-1,-1,-1,-1,60,153,180,112,160,-1
F33B-035,1.0,orc,MILITARY,alive,-1.0,3.0,5.0,0.0,6.0,5.0,24.5,3.0,629.0,16.0,12.0,33.0,1646.5,1350.5,0.0,296.0,0.0,0.0,96.0,8.0,5.0,53.0,10.0,10.0,0.91,11.0,397.0,79.0,0.0,6.0,5.0,3.0,20.0,0.667,2.0,5.0,14.0,0.0,0.0,MILITARY_SUPREMACY,16,38,41,98,21,34,80,118,153,-1,153,-1,-1,-1,9,66,103,-1,-1,-1,-1,52,52,109,129,-1,90,-1,-1,-1,-1,-1,-1,63,-1,-1,67,-1,-1
F33B-035,2.0,human,BALANCED,winner,-1.0,6.0,6.0,4.0,18.0,15.0,1527.5,7.0,1497.0,68.0,39.0,72.0,6300.0,3160.0,1976.0,1104.0,0.0,1.0,-1.0,0.0,0.0,-1.0,0.0,0.0,0.75,11.0,701.0,144.0,0.0,3.0,1.0,3.0,20.0,0.708,5.0,1.0,8.0,1.0,0.0,TRANSCENDENCE,17,38,43,-1,64,73,76,86,100,118,100,160,118,136,9,29,47,-1,144,-1,144,78,78,82,87,145,46,-1,145,188,188,188,189,72,102,127,77,111,177
F33B-035,3.0,elf,ARCANE,alive,-1.0,4.0,5.0,3.0,6.0,6.0,1527.0,20.0,963.6,47.3,12.0,16.0,2871.55,48.0,1976.0,752.0,0.0,1.0,107.0,13.0,13.0,-1.0,0.0,0.0,0.75,18.0,555.0,134.0,0.0,4.0,4.0,0.0,145.0,0.255,0.0,1.0,4.0,0.0,0.0,TRANSCENDENCE,17,47,49,73,20,32,69,85,114,164,-1,-1,114,164,9,46,63,-1,180,-1,180,-1,-1,-1,-1,40,-1,-1,-1,-1,-1,-1,-1,139,178,-1,149,-1,-1
F33B-036,0.0,orc,MILITARY,alive,-1.0,7.0,7.0,5.0,13.0,14.0,676.5,-2.0,828.0,69.0,46.0,83.6,3739.5,2300.0,324.0,752.0,0.0,2.0,108.0,5.0,5.0,-1.0,0.0,0.0,0.97,11.0,614.0,17.0,0.0,3.0,3.0,3.0,71.0,0.503,4.0,1.0,9.0,0.0,0.0,MILITARY_SUPREMACY,17,89,91,108,21,30,78,101,141,172,141,172,-1,-1,9,45,69,181,-1,181,-1,36,36,82,118,-1,84,-1,-1,-1,-1,-1,-1,54,153,164,61,169,189
F33B-036,1.0,human,BALANCED,winner,-1.0,2.0,2.0,2.0,4.0,4.0,1018.5,2.0,35.0,27.0,6.0,8.0,4110.0,1214.0,1976.0,920.0,0.0,0.0,-1.0,0.0,0.0,-1.0,0.0,0.0,0.75,11.0,363.0,33.0,0.0,1.0,1.0,0.0,149.0,0.231,0.0,0.0,2.0,1.0,0.0,TRANSCENDENCE,17,34,36,-1,67,69,71,79,96,125,96,-1,125,154,9,30,45,-1,169,-1,169,82,-1,82,84,172,39,-1,172,195,195,195,196,63,100,144,73,114,170
F33B-036,2.0,elf,BALANCED,eliminated,173.0,0.0,3.0,0.0,0.0,9.0,346.5,0.0,844.2,0.0,0.0,0.0,3690.5,1976.0,788.0,926.5,0.0,0.0,-1.0,0.0,0.0,-1.0,0.0,0.0,1.0,10.0,358.0,44.0,0.0,2.0,2.0,2.0,71.0,0.503,1.0,4.0,15.0,0.0,0.0,MILITARY_SUPREMACY,17,34,36,67,71,73,75,81,100,123,100,123,173,-1,9,29,44,134,-1,134,-1,81,-1,81,83,-1,39,-1,-1,-1,-1,-1,-1,68,96,161,76,116,-1
F33B-036,3.0,dwarf,ARCANE,alive,-1.0,6.0,6.0,1.0,8.0,8.0,152.6,-3.2,1128.0,42.0,18.0,24.0,3160.0,432.0,1976.0,752.0,0.0,2.0,130.0,12.0,12.0,-1.0,0.0,0.0,0.75,19.0,641.0,88.0,0.0,5.0,5.0,0.0,-1.0,0.0,0.0,0.0,2.0,0.0,0.0,TRANSCENDENCE,16,76,80,84,21,33,79,97,124,167,-1,-1,124,167,9,47,71,-1,181,-1,181,-1,-1,-1,-1,40,-1,-1,150,-1,-1,-1,-1,54,190,-1,64,-1,-1
F33B-037,0.0,human,MILITARY,alive,-1.0,2.0,5.0,0.0,6.0,6.0,306.0,-10.0,781.0,10.0,23.0,32.0,2114.5,1530.5,0.0,584.0,0.0,1.0,121.0,13.0,13.0,118.0,25.0,18.0,2.13,11.0,487.0,111.0,0.0,6.0,5.0,11.0,63.0,0.561,2.0,6.0,9.0,0.0,0.0,MILITARY_SUPREMACY,17,45,47,67,21,30,69,84,112,-1,112,-1,-1,-1,9,45,63,-1,-1,-1,-1,36,36,92,92,-1,58,129,-1,-1,-1,-1,-1,153,-1,-1,-1,-1,-1
F33B-037,1.0,elf,BALANCED,winner,-1.0,6.0,6.0,4.0,20.0,18.0,15.0,4.0,494.1,60.5,52.0,64.0,6747.4,3667.4,1976.0,1104.0,0.0,1.0,-1.0,0.0,0.0,-1.0,0.0,0.0,1.0,10.0,681.0,54.0,0.0,4.0,4.0,2.0,63.0,0.541,1.0,0.0,3.0,1.0,0.0,TRANSCENDENCE,17,34,37,66,72,74,76,81,100,121,100,159,121,136,9,29,44,-1,143,-1,143,81,-1,81,82,158,40,185,158,192,192,192,193,68,96,133,135,-1,-1
F33B-037,2.0,dwarf,ARCANE,alive,-1.0,6.0,7.0,0.0,3.0,6.0,46.3,-9.8,744.0,42.0,8.0,24.0,2650.0,0.0,1976.0,632.0,0.0,1.0,-1.0,0.0,0.0,-1.0,0.0,0.0,0.75,19.0,667.0,378.0,0.0,6.0,6.0,3.0,126.0,0.337,2.0,3.0,10.0,0.0,0.0,TRANSCENDENCE,16,46,47,71,21,33,69,87,118,160,-1,-1,118,160,9,47,63,-1,181,-1,181,-1,-1,-1,-1,40,142,-1,-1,-1,-1,-1,-1,159,-1,-1,160,-1,-1
F33B-037,3.0,orc,BALANCED,alive,-1.0,7.0,7.0,3.0,11.0,8.0,1386.5,30.0,601.0,70.0,21.0,66.0,5115.0,1772.0,1976.0,1104.0,0.0,1.0,-1.0,0.0,0.0,-1.0,0.0,0.0,0.83,11.0,619.0,53.0,0.0,2.0,2.0,4.0,71.0,0.51,4.0,0.0,7.0,0.0,0.0,TRANSCENDENCE,17,34,37,77,68,70,72,81,106,135,106,191,135,159,9,30,46,-1,168,-1,168,80,-1,80,82,177,40,-1,177,-1,-1,-1,-1,64,99,149,112,122,-1
F33B-038,0.0,elf,ARCANE,eliminated,84.0,0.0,2.0,0.0,0.0,1.0,12.5,0.0,100.1,0.0,0.0,0.0,179.3,0.0,24.0,155.3,0.0,0.0,-1.0,0.0,0.0,-1.0,0.0,0.0,0.0,18.0,53.0,25.0,0.0,2.0,1.0,5.0,10.0,0.674,2.0,4.0,1.0,0.0,0.0,TRANSCENDENCE,20,61,63,-1,20,-1,-1,-1,-1,-1,-1,-1,-1,-1,9,66,-1,-1,-1,-1,-1,-1,-1,-1,-1,-1,-1,-1,-1,-1,-1,-1,-1,-1,-1,-1,-1,-1,-1
F33B-038,1.0,dwarf,MILITARY,alive,-1.0,9.0,9.0,8.0,25.0,20.0,538.6,5.2,3378.0,112.0,62.0,116.0,10427.5,5128.0,3200.0,1104.0,0.0,1.0,101.0,5.0,5.0,-1.0,0.0,0.0,1.0,11.0,1424.0,247.0,0.0,3.0,3.0,12.0,63.0,0.552,8.0,3.0,10.0,0.0,0.0,MILITARY_SUPREMACY,16,43,45,66,21,29,66,79,96,129,96,129,158,219,9,44,60,139,-1,139,-1,35,35,72,114,-1,56,113,-1,-1,-1,-1,-1,121,138,182,151,190,203
F33B-038,2.0,orc,ARCANE,alive,-1.0,6.0,6.0,5.0,17.0,20.0,2382.5,22.0,767.0,67.0,26.0,44.0,5486.0,788.0,3600.0,936.0,0.0,0.0,142.0,6.0,6.0,54.0,19.0,12.0,1.82,19.0,866.0,103.0,0.0,8.0,7.0,2.0,10.0,0.728,1.0,3.0,15.0,0.0,0.0,TRANSCENDENCE,16,61,66,84,21,31,89,111,141,184,214,-1,141,184,9,40,52,-1,195,-1,195,217,-1,217,217,39,-1,-1,-1,-1,-1,-1,-1,126,191,-1,165,-1,-1
F33B-038,3.0,human,BALANCED,alive,-1.0,4.0,6.0,4.0,8.0,12.0,2608.5,20.0,1182.0,38.0,27.0,48.0,5782.5,3876.0,788.0,1104.0,0.0,1.0,127.0,3.0,3.0,-1.0,0.0,0.0,0.93,11.0,830.0,191.0,0.0,4.0,4.0,4.0,63.0,0.565,2.0,3.0,30.0,0.0,0.0,MILITARY_SUPREMACY,17,36,39,65,67,70,77,95,126,154,126,154,184,-1,9,30,47,164,-1,164,-1,97,-1,97,102,-1,31,-1,-1,-1,-1,-1,-1,110,148,163,115,190,238
F33B-039,0.0,dwarf,ARCANE,alive,-1.0,4.0,4.0,4.0,18.0,19.0,1654.3,9.0,693.0,48.0,21.0,32.0,4677.0,788.0,2880.0,936.0,0.0,1.0,85.0,11.0,11.0,-1.0,0.0,0.0,1.0,22.0,679.0,93.0,0.0,3.0,3.0,8.0,67.0,0.536,0.0,0.0,14.0,0.0,0.0,TRANSCENDENCE,16,46,47,69,21,33,69,108,131,161,201,-1,131,161,9,47,63,-1,175,-1,175,198,-1,198,200,40,-1,-1,206,-1,-1,-1,-1,119,153,214,133,222,-1
F33B-039,1.0,orc,ARCANE,alive,-1.0,4.0,4.0,0.0,9.0,9.0,0.0,-4.0,1097.0,11.0,12.0,17.6,2174.0,0.0,1590.0,584.0,0.0,2.0,154.0,70.0,70.0,-1.0,0.0,0.0,0.91,19.0,664.0,460.0,0.0,6.0,3.0,0.0,70.0,0.532,0.0,0.0,5.0,0.0,0.0,TRANSCENDENCE,17,48,49,71,21,34,72,89,125,222,-1,-1,125,222,9,48,66,-1,-1,-1,-1,-1,-1,-1,-1,41,-1,-1,164,-1,-1,-1,-1,-1,-1,-1,-1,-1,-1
F33B-039,2.0,human,MILITARY,alive,-1.0,5.0,6.0,3.0,14.0,15.0,748.5,15.0,1876.0,43.0,39.0,60.0,4231.5,2643.5,788.0,800.0,0.0,1.0,94.0,7.0,4.0,-1.0,0.0,0.0,1.0,11.0,825.0,239.0,0.0,5.0,5.0,7.0,74.0,0.523,0.0,1.0,6.0,0.0,0.0,MILITARY_SUPREMACY,17,47,50,72,21,30,69,85,113,154,113,154,209,-1,9,45,63,173,-1,173,-1,37,37,80,87,-1,63,-1,-1,-1,-1,-1,-1,90,211,-1,166,-1,-1
F33B-039,3.0,elf,BALANCED,winner,-1.0,6.0,6.0,5.0,17.0,15.0,487.5,3.0,48.5,73.7,40.0,80.0,7524.0,4264.0,1976.0,1104.0,0.0,0.0,96.0,2.0,2.0,-1.0,0.0,0.0,0.88,10.0,765.0,124.0,0.0,4.0,4.0,6.0,67.0,0.486,1.0,0.0,2.0,1.0,0.0,TRANSCENDENCE,17,34,37,87,56,58,75,90,107,132,107,177,132,152,9,29,44,-1,160,-1,160,63,63,76,104,128,40,-1,204,218,218,218,219,71,148,182,82,-1,-1
F33B-040,0.0,orc,BALANCED,alive,-1.0,4.0,7.0,1.0,19.0,20.0,591.5,48.0,987.0,19.0,37.0,52.8,4745.0,1652.0,1976.0,1104.0,0.0,1.0,-1.0,0.0,0.0,71.0,3.0,2.0,1.19,11.0,895.0,406.0,0.0,8.0,7.0,2.0,57.0,0.569,7.0,11.0,8.0,0.0,0.0,TRANSCENDENCE,17,36,37,95,50,53,79,91,115,154,115,219,154,173,9,30,46,-1,189,-1,189,58,58,88,106,134,31,133,-1,-1,-1,-1,-1,70,169,189,79,211,221
F33B-040,1.0,human,ARCANE,alive,-1.0,6.0,6.0,5.0,13.0,15.0,813.5,0.0,1345.0,62.0,30.0,64.0,5111.0,788.0,3387.0,936.0,0.0,1.0,137.0,10.0,10.0,45.0,17.0,17.0,1.0,19.0,842.0,76.0,0.0,5.0,5.0,2.0,31.0,0.51,1.0,1.0,9.0,0.0,0.0,TRANSCENDENCE,17,75,77,85,21,34,92,113,138,183,218,-1,138,183,9,65,86,-1,194,-1,194,214,-1,214,214,41,-1,-1,-1,-1,-1,-1,-1,125,196,-1,135,-1,-1
F33B-040,2.0,elf,MILITARY,alive,-1.0,4.0,6.0,0.0,12.0,12.0,504.5,1.0,1464.7,19.8,38.0,40.0,3377.0,2024.0,433.0,920.0,0.0,0.0,50.0,23.0,12.0,113.0,45.0,30.0,2.75,10.0,762.0,98.0,0.0,8.0,7.0,11.0,31.0,0.665,6.0,10.0,15.0,0.0,0.0,MILITARY_SUPREMACY,17,49,51,75,20,29,59,75,104,164,104,164,-1,-1,9,45,56,201,-1,201,-1,36,36,77,96,47,60,121,-1,-1,-1,-1,-1,71,-1,-1,77,-1,-1
F33B-040,3.0,dwarf,MILITARY,alive,-1.0,12.0,12.0,6.0,23.0,20.0,847.4,1.4,1183.0,98.0,61.0,128.0,7030.5,5128.0,788.0,984.0,0.0,1.0,112.0,3.0,2.0,-1.0,0.0,0.0,0.96,11.0,937.0,28.0,0.0,3.0,3.0,6.0,115.0,0.41,10.0,2.0,10.0,0.0,0.0,MILITARY_SUPREMACY,16,72,74,81,21,29,74,91,117,157,117,157,202,-1,9,48,69,170,-1,170,-1,37,37,83,112,-1,110,191,-1,-1,-1,-1,-1,52,108,182,59,130,195
F33B-041,0.0,human,ARCANE,alive,-1.0,0.0,1.0,0.0,2.0,2.0,7.0,0.0,93.0,0.0,2.0,0.0,144.0,0.0,57.0,87.0,0.0,1.0,-1.0,0.0,0.0,46.0,195.0,195.0,1.0,19.0,45.0,16.0,0.0,0.0,0.0,1.0,37.0,0.251,0.0,1.0,0.0,0.0,0.0,TRANSCENDENCE,17,-1,-1,-1,21,34,-1,-1,-1,-1,-1,-1,-1,-1,9,-1,-1,-1,-1,-1,-1,-1,-1,-1,-1,41,-1,-1,-1,-1,-1,-1,-1,-1,-1,-1,-1,-1,-1
F33B-041,1.0,elf,ARCANE,alive,-1.0,3.0,5.0,0.0,9.0,9.0,94.5,0.0,73.9,16.5,8.0,12.0,2144.45,0.0,1680.45,464.0,0.0,2.0,169.0,11.0,11.0,60.0,11.0,11.0,1.5,16.0,491.0,91.0,0.0,8.0,7.0,1.0,37.0,0.623,0.0,5.0,6.0,0.0,0.0,TRANSCENDENCE,11,49,50,80,20,29,84,103,132,234,-1,-1,132,234,9,42,60,-1,-1,-1,-1,-1,-1,-1,-1,36,-1,-1,175,-1,-1,-1,-1,215,-1,-1,225,-1,-1
F33B-041,2.0,dwarf,MILITARY,alive,-1.0,9.0,10.0,9.0,26.0,21.0,1486.0,-3.8,3040.0,127.0,56.0,92.0,10335.5,5128.0,2884.0,1104.0,0.0,1.0,60.0,3.0,3.0,-1.0,0.0,0.0,1.0,11.0,1285.0,185.0,0.0,2.0,2.0,6.0,37.0,0.619,8.0,2.0,6.0,0.0,0.0,MILITARY_SUPREMACY,16,47,51,154,21,29,61,78,112,144,112,144,173,223,9,44,56,154,-1,154,-1,35,35,72,80,47,58,175,160,212,212,-1,-1,84,118,152,94,148,198
F33B-041,3.0,orc,BALANCED,alive,-1.0,2.0,2.0,0.0,1.0,4.0,0.0,-11.0,308.0,9.0,3.0,13.2,4470.0,1390.0,1976.0,1104.0,0.0,0.0,225.0,16.0,16.0,181.0,2.0,2.0,1.36,11.0,436.0,26.0,0.0,1.0,1.0,3.0,145.0,0.322,2.0,2.0,9.0,1.0,1.0,TRANSCENDENCE,17,34,36,-1,67,69,71,79,96,125,96,-1,125,155,9,30,45,-1,169,-1,169,78,-1,78,89,168,39,-1,168,187,201,201,202,63,96,140,73,-1,-1
F33B-042,0.0,elf,MILITARY,alive,-1.0,6.0,6.0,2.0,10.0,10.0,483.5,-7.0,1538.9,35.2,30.0,48.0,3320.9,2300.0,76.0,920.0,0.0,0.0,202.0,4.0,4.0,131.0,5.0,5.0,1.08,10.0,852.0,239.0,0.0,10.0,10.0,7.0,84.0,0.494,4.0,9.0,15.0,0.0,0.0,MILITARY_SUPREMACY,17,45,46,68,20,29,64,81,113,185,113,185,-1,-1,9,45,60,206,-1,206,-1,36,36,74,114,-1,57,-1,-1,-1,-1,-1,-1,136,193,228,136,220,-1
F33B-042,1.0,dwarf,BALANCED,alive,-1.0,0.0,5.0,0.0,2.0,11.0,406.5,0.0,802.0,0.0,6.0,0.0,4246.0,2538.0,788.0,920.0,0.0,1.0,-1.0,0.0,0.0,165.0,43.0,23.0,1.81,11.0,546.0,51.0,0.0,4.0,3.0,11.0,89.0,0.485,5.0,9.0,18.0,0.0,0.0,MILITARY_SUPREMACY,16,33,36,94,49,51,65,74,94,123,94,123,161,-1,9,29,45,134,-1,134,-1,55,55,72,82,-1,39,103,-1,-1,-1,-1,-1,63,129,185,82,199,-1
F33B-042,2.0,orc,ARCANE,alive,-1.0,7.0,8.0,4.0,19.0,20.0,141.5,30.0,627.0,47.0,32.0,101.2,5500.0,788.0,3628.0,936.0,0.0,2.0,96.0,4.0,3.0,143.0,8.0,8.0,1.02,19.0,975.0,103.0,0.0,3.0,3.0,4.0,84.0,0.502,11.0,8.0,25.0,0.0,0.0,TRANSCENDENCE,17,48,50,74,21,34,73,90,123,164,203,-1,123,164,9,48,66,-1,176,-1,176,130,-1,130,130,41,224,-1,162,-1,-1,-1,-1,124,160,213,134,233,-1
F33B-042,3.0,human,MILITARY,alive,-1.0,10.0,10.0,9.0,25.0,22.0,4341.5,39.0,2100.0,109.0,62.0,120.0,8672.5,5128.0,1900.0,1104.0,0.0,2.0,100.0,5.0,5.0,-1.0,0.0,0.0,1.0,11.0,1147.0,106.0,0.0,3.0,3.0,7.0,89.0,0.485,8.0,2.0,9.0,0.0,0.0,MILITARY_SUPREMACY,17,52,55,73,21,30,72,87,113,149,113,149,186,233,9,45,65,159,-1,159,-1,36,36,88,112,218,43,132,218,-1,-1,-1,-1,77,140,156,94,155,211
F33B-043,0.0,dwarf,BALANCED,alive,-1.0,0.0,3.0,0.0,1.0,4.0,126.6,0.0,313.0,0.0,2.0,0.0,1295.0,679.0,0.0,616.0,0.0,0.0,-1.0,0.0,0.0,132.0,107.0,105.0,1.75,11.0,191.0,29.0,0.0,3.0,3.0,5.0,52.0,0.439,0.0,4.0,7.0,0.0,0.0,MILITARY_SUPREMACY,16,33,36,103,49,52,78,110,-1,-1,-1,-1,-1,-1,9,29,45,-1,-1,-1,-1,57,57,83,129,-1,39,-1,-1,-1,-1,-1,-1,69,-1,-1,87,-1,-1
F33B-043,1.0,orc,MILITARY,alive,-1.0,15.0,15.0,10.0,25.0,20.0,394.5,4.0,3155.0,130.0,60.0,145.2,9991.0,5128.0,2440.0,1104.0,0.0,1.0,118.0,7.0,7.0,-1.0,0.0,0.0,0.98,11.0,1401.0,108.0,0.0,4.0,4.0,12.0,52.0,0.603,12.0,2.0,15.0,0.0,0.0,MILITARY_SUPREMACY,17,45,47,67,21,30,70,92,120,150,120,150,187,227,9,45,63,160,-1,160,-1,36,36,94,104,-1,58,147,-1,-1,-1,-1,-1,114,164,189,158,-1,-1
F33B-043,2.0,human,ARCANE,alive,-1.0,4.0,5.0,1.0,5.0,7.0,886.5,16.0,701.0,32.0,11.0,16.0,2651.5,0.0,1976.0,675.5,0.0,1.0,173.0,11.0,11.0,120.0,7.0,7.0,1.25,19.0,709.0,210.0,0.0,10.0,10.0,2.0,113.0,0.347,1.0,8.0,10.0,0.0,0.0,TRANSCENDENCE,17,48,53,68,21,34,74,90,119,217,-1,-1,119,217,9,48,67,-1,237,-1,237,173,-1,173,173,41,-1,-1,-1,-1,-1,-1,-1,164,226,-1,174,-1,-1
F33B-043,3.0,elf,MILITARY,alive,-1.0,5.0,10.0,3.0,14.0,20.0,853.5,7.0,2357.4,60.5,49.0,68.0,10101.3,5128.0,3869.3,1104.0,0.0,0.0,75.0,8.0,8.0,-1.0,0.0,0.0,0.98,10.0,1133.0,70.0,0.0,3.0,3.0,8.0,57.0,0.59,9.0,8.0,43.0,0.0,0.0,MILITARY_SUPREMACY,17,45,47,113,20,29,64,77,114,135,114,135,180,211,9,45,62,143,-1,143,-1,36,36,74,110,167,76,-1,-1,-1,-1,-1,-1,65,118,154,72,183,224
F33B-044,0.0,orc,ARCANE,alive,-1.0,5.0,5.0,0.0,6.0,6.0,348.0,26.0,76.0,22.0,10.0,39.6,1945.0,0.0,1361.0,584.0,0.0,1.0,163.0,9.0,9.0,107.0,3.0,3.0,2.27,19.0,494.0,155.0,0.0,8.0,6.0,0.0,79.0,0.425,0.0,2.0,4.0,0.0,0.0,TRANSCENDENCE,17,48,66,67,21,34,76,108,151,-1,-1,-1,151,-1,9,48,70,-1,-1,-1,-1,-1,-1,-1,-1,41,-1,-1,184,-1,-1,-1,-1,142,-1,-1,152,-1,-1
F33B-044,1.0,human,MILITARY,alive,-1.0,10.0,10.0,2.0,10.0,7.0,113.5,29.0,1315.0,66.0,17.0,60.0,3448.0,1984.0,788.0,584.0,0.0,1.0,-1.0,0.0,0.0,-1.0,0.0,0.0,0.81,11.0,719.0,444.0,0.0,3.0,3.0,9.0,79.0,0.559,7.0,1.0,12.0,0.0,0.0,MILITARY_SUPREMACY,17,66,68,74,21,30,70,87,113,147,113,147,186,-1,9,45,64,163,-1,163,-1,36,36,77,97,90,100,-1,-1,-1,-1,-1,-1,50,174,-1,61,-1,-1
F33B-044,2.0,elf,BALANCED,winner,-1.0,4.0,6.0,2.0,13.0,11.0,315.5,0.0,507.4,36.3,25.0,40.0,5157.9,2077.9,1976.0,1104.0,0.0,0.0,-1.0,0.0,0.0,174.0,11.0,11.0,1.25,10.0,560.0,64.0,0.0,8.0,6.0,3.0,116.0,0.328,1.0,4.0,6.0,1.0,0.0,TRANSCENDENCE,17,34,35,77,71,73,75,82,97,118,97,174,118,142,9,29,43,-1,152,-1,152,79,-1,79,84,137,72,-1,161,182,182,182,183,67,98,136,172,-1,-1
F33B-044,3.0,dwarf,ARCANE,alive,-1.0,6.0,6.0,0.0,11.0,11.0,58.3,-6.8,1095.0,32.0,20.0,24.0,2447.0,0.0,1976.0,448.0,0.0,1.0,-1.0,0.0,0.0,-1.0,0.0,0.0,0.83,19.0,604.0,356.0,0.0,6.0,6.0,0.0,141.0,0.124,0.0,1.0,3.0,0.0,0.0,TRANSCENDENCE,16,46,47,67,21,33,69,86,115,159,-1,-1,115,159,9,47,63,-1,179,-1,179,-1,-1,-1,-1,40,-1,-1,-1,-1,-1,-1,-1,-1,-1,-1,-1,-1,-1
F33B-045,0.0,human,BALANCED,alive,-1.0,2.0,5.0,1.0,6.0,14.0,305.0,-11.0,1165.0,14.0,24.0,32.0,5925.5,4033.5,788.0,1104.0,0.0,0.0,213.0,4.0,4.0,144.0,6.0,2.0,1.38,11.0,701.0,26.0,0.0,3.0,3.0,7.0,38.0,0.64,6.0,8.0,27.0,0.0,0.0,MILITARY_SUPREMACY,17,34,37,52,70,72,78,87,102,121,102,121,153,-1,9,30,46,130,-1,130,-1,80,80,83,91,-1,40,-1,-1,-1,-1,-1,-1,66,92,136,156,-1,-1
F33B-045,1.0,elf,ARCANE,alive,-1.0,5.0,5.0,4.0,15.0,15.0,919.0,3.0,1176.1,66.0,32.0,44.0,6200.15,788.0,4364.0,936.0,0.0,2.0,114.0,7.0,7.0,-1.0,0.0,0.0,1.0,18.0,849.0,176.0,0.0,4.0,4.0,0.0,42.0,0.556,0.0,0.0,0.0,0.0,0.0,TRANSCENDENCE,17,47,48,69,20,32,70,100,136,168,203,-1,136,168,9,46,62,-1,182,-1,182,210,-1,210,210,40,-1,-1,220,-1,-1,-1,-1,145,181,221,179,-1,-1
F33B-045,2.0,dwarf,MILITARY,alive,-1.0,8.0,9.0,5.0,14.0,20.0,3783.8,27.0,1708.0,80.0,47.0,152.0,6586.0,4664.0,788.0,800.0,0.0,1.0,126.0,4.0,4.0,-1.0,0.0,0.0,1.0,11.0,897.0,89.0,0.0,4.0,4.0,7.0,42.0,0.632,4.0,1.0,16.0,0.0,0.0,MILITARY_SUPREMACY,16,43,45,65,21,29,69,91,116,161,116,161,232,-1,9,44,62,174,-1,174,-1,35,35,92,108,-1,54,129,-1,-1,-1,-1,-1,95,156,181,139,236,238
F33B-045,3.0,orc,MILITARY,alive,-1.0,6.0,9.0,6.0,16.0,20.0,699.0,17.0,1831.0,73.0,50.0,79.2,6551.0,4860.0,788.0,800.0,0.0,1.0,185.0,4.0,4.0,141.0,3.0,2.0,1.18,11.0,1019.0,197.0,0.0,6.0,6.0,3.0,38.0,0.632,8.0,9.0,26.0,0.0,0.0,MILITARY_SUPREMACY,17,49,53,97,21,30,61,79,122,159,122,159,209,-1,9,45,57,171,-1,171,-1,36,36,111,111,-1,49,141,-1,-1,-1,-1,-1,131,144,144,154,184,221
F33B-046,0.0,elf,MILITARY,eliminated,17.0,0.0,1.0,0.0,0.0,1.0,13.5,0.0,11.0,0.0,0.0,0.0,22.0,0.0,0.0,22.0,0.0,0.0,-1.0,0.0,0.0,-1.0,0.0,0.0,0.0,15.0,10.0,10.0,0.0,0.0,0.0,0.0,5.0,0.28,0.0,1.0,1.0,0.0,0.0,MILITARY_SUPREMACY,-1,-1,-1,-1,-1,-1,-1,-1,-1,-1,-1,-1,-1,-1,9,-1,-1,-1,-1,-1,-1,-1,-1,-1,-1,-1,-1,-1,-1,-1,-1,-1,-1,-1,-1,-1,-1,-1,-1
F33B-046,1.0,dwarf,BALANCED,alive,-1.0,7.0,7.0,7.0,23.0,19.0,2159.2,41.8,2083.0,88.0,53.0,84.0,8526.0,5128.0,2096.0,1104.0,0.0,0.0,-1.0,0.0,0.0,-1.0,0.0,0.0,1.0,11.0,936.0,103.0,0.0,2.0,2.0,5.0,62.0,0.509,4.0,0.0,6.0,0.0,0.0,MILITARY_SUPREMACY,16,33,35,70,66,68,70,77,93,115,93,115,141,207,9,29,44,125,-1,125,-1,72,72,73,84,149,38,148,204,-1,-1,-1,-1,60,84,111,151,215,-1
F33B-046,2.0,orc,BALANCED,winner,-1.0,4.0,4.0,2.0,13.0,12.0,365.0,10.0,116.0,33.0,21.0,35.2,4298.0,1218.0,1976.0,1104.0,0.0,1.0,-1.0,0.0,0.0,-1.0,0.0,0.0,0.91,10.0,456.0,38.0,0.0,2.0,2.0,4.0,5.0,0.631,1.0,0.0,4.0,1.0,0.0,TRANSCENDENCE,19,189,191,201,54,56,60,71,99,132,99,-1,132,165,9,25,35,-1,182,-1,182,63,63,68,91,181,201,-1,181,210,210,210,211,51,83,142,58,-1,-1
F33B-046,3.0,human,ARCANE,alive,-1.0,2.0,4.0,1.0,13.0,14.0,181.5,0.0,74.0,13.0,8.0,16.0,1860.0,0.0,1444.0,416.0,0.0,1.0,94.0,6.0,6.0,89.0,1.0,1.0,1.25,22.0,429.0,124.0,0.0,5.0,5.0,0.0,80.0,0.505,0.0,4.0,6.0,0.0,0.0,TRANSCENDENCE,17,48,50,76,21,34,73,110,165,-1,-1,-1,165,-1,9,48,66,-1,-1,-1,-1,-1,-1,-1,-1,41,-1,-1,192,-1,-1,-1,-1,146,188,-1,204,-1,-1
F33B-047,0.0,dwarf,BALANCED,alive,-1.0,6.0,6.0,5.0,21.0,20.0,2420.2,-2.2,1936.0,60.0,54.0,88.0,7986.0,5128.0,1624.0,1104.0,0.0,0.0,70.0,5.0,5.0,165.0,6.0,6.0,1.09,11.0,938.0,98.0,0.0,7.0,3.0,5.0,53.0,0.603,7.0,5.0,28.0,0.0,0.0,MILITARY_SUPREMACY,16,34,35,68,45,48,66,85,102,122,102,122,151,237,9,29,44,132,-1,132,-1,52,52,72,129,73,30,-1,-1,-1,-1,-1,-1,59,96,130,69,126,214
F33B-047,1.0,orc,MILITARY,alive,-1.0,8.0,9.0,5.0,18.0,20.0,1459.0,9.0,1815.0,77.0,47.0,96.8,8348.5,5128.0,1692.0,1104.0,0.0,2.0,115.0,5.0,5.0,-1.0,0.0,0.0,0.98,11.0,1043.0,55.0,0.0,4.0,4.0,3.0,130.0,0.385,6.0,3.0,16.0,0.0,0.0,MILITARY_SUPREMACY,17,69,70,79,21,30,69,86,109,154,109,154,192,235,9,45,63,164,-1,164,-1,36,36,74,96,-1,57,138,-1,-1,-1,-1,-1,46,153,178,64,201,232
F33B-047,2.0,human,BALANCED,alive,-1.0,5.0,6.0,1.0,14.0,14.0,635.0,-4.0,1387.0,30.0,50.0,60.0,5722.0,3830.0,788.0,1104.0,0.0,0.0,-1.0,0.0,0.0,186.0,3.0,3.0,1.03,11.0,791.0,135.0,0.0,16.0,8.0,5.0,95.0,0.477,1.0,5.0,16.0,0.0,0.0,MILITARY_SUPREMACY,17,34,37,66,68,70,73,81,99,133,99,133,170,-1,9,30,46,143,-1,143,-1,75,75,80,98,-1,69,-1,-1,-1,-1,-1,-1,64,98,190,144,237,-1
F33B-047,3.0,elf,ARCANE,alive,-1.0,0.0,1.0,0.0,1.0,2.0,46.5,0.0,80.5,0.0,0.0,0.0,341.0,0.0,116.0,225.0,0.0,1.0,68.0,1.0,1.0,69.0,32.0,32.0,1.0,15.0,68.0,11.0,0.0,0.0,0.0,2.0,53.0,0.314,0.0,1.0,1.0,0.0,0.0,TRANSCENDENCE,10,-1,-1,-1,20,29,68,-1,-1,-1,-1,-1,-1,-1,9,42,62,-1,-1,-1,-1,-1,-1,-1,-1,36,-1,-1,-1,-1,-1,-1,-1,51,-1,-1,67,-1,-1
F33B-048,0.0,orc,MILITARY,alive,-1.0,1.0,3.0,0.0,1.0,5.0,216.0,1.0,204.0,5.0,3.0,11.0,876.0,520.0,0.0,356.0,0.0,1.0,-1.0,0.0,0.0,101.0,44.0,25.0,1.36,11.0,204.0,53.0,0.0,3.0,3.0,4.0,45.0,0.609,1.0,4.0,8.0,0.0,0.0,MILITARY_SUPREMACY,17,45,46,70,21,30,69,87,-1,-1,-1,-1,-1,-1,9,45,62,-1,-1,-1,-1,36,36,70,98,-1,56,-1,-1,-1,-1,-1,-1,116,-1,-1,-1,-1,-1
F33B-048,1.0,human,BALANCED,alive,-1.0,3.0,5.0,2.0,7.0,7.0,0.0,-6.0,621.0,21.0,26.0,24.0,3574.0,1976.0,788.0,800.0,0.0,1.0,157.0,1.0,1.0,157.0,1.0,1.0,1.08,11.0,415.0,46.0,0.0,3.0,3.0,0.0,141.0,0.109,1.0,2.0,2.0,0.0,0.0,MILITARY_SUPREMACY,12,34,37,70,75,77,79,85,100,125,100,125,157,-1,9,27,44,135,-1,135,-1,82,-1,82,86,-1,40,-1,-1,-1,-1,-1,-1,70,100,143,78,118,-1
F33B-048,2.0,elf,BALANCED,winner,-1.0,7.0,7.0,5.0,11.0,9.0,1608.0,23.0,1313.7,80.3,20.0,68.0,5270.1,1900.0,1976.0,1104.0,0.0,1.0,-1.0,0.0,0.0,-1.0,0.0,0.0,1.0,10.0,584.0,113.0,0.0,2.0,2.0,1.0,45.0,0.59,5.0,1.0,6.0,1.0,0.0,TRANSCENDENCE,17,34,36,67,71,73,76,85,100,115,100,150,115,128,9,29,44,-1,134,-1,134,80,-1,80,88,138,39,-1,138,152,152,152,153,68,101,122,73,151,-1
F33B-048,3.0,dwarf,ARCANE,alive,-1.0,5.0,5.0,0.0,6.0,7.0,198.0,7.6,376.0,22.0,8.0,20.0,1800.0,0.0,1400.0,400.0,0.0,2.0,130.0,6.0,6.0,-1.0,0.0,0.0,0.75,19.0,435.0,173.0,0.0,4.0,4.0,0.0,-1.0,0.0,0.0,0.0,1.0,0.0,0.0,TRANSCENDENCE,16,46,50,74,21,33,71,89,119,-1,-1,-1,119,-1,9,47,65,-1,-1,-1,-1,-1,-1,-1,-1,40,-1,-1,143,-1,-1,-1,-1,-1,-1,-1,-1,-1,-1
